utility_name,size_category,fy,indicator,value,unit,granularity,method,source_id,report_issue,vintage,extraction_confidence,attribution
Nyeri,"Very Large (>35,000 connections)",FY2023/24,drinking_water_quality,100,%,utility,measured,wasreb_impact_17,17,FY2023/24,high,"Water Services Regulatory Board (WASREB), IMPACT Report Issue 17, 2025"
Nyeri,"Very Large (>35,000 connections)",FY2023/24,non_revenue_water,15,%,utility,measured,wasreb_impact_17,17,FY2023/24,high,"Water Services Regulatory Board (WASREB), IMPACT Report Issue 17, 2025"
Nyeri,"Very Large (>35,000 connections)",FY2023/24,water_coverage,100,%,utility,measured,wasreb_impact_17,17,FY2023/24,high,"Water Services Regulatory Board (WASREB), IMPACT Report Issue 17, 2025"
Nyeri,"Very Large (>35,000 connections)",FY2023/24,hours_of_supply,24,hrs/day,utility,measured,wasreb_impact_17,17,FY2023/24,high,"Water Services Regulatory Board (WASREB), IMPACT Report Issue 17, 2025"
Nyeri,"Very Large (>35,000 connections)",FY2023/24,staff_per_1000_connections,4,staff/1000 conns,utility,measured,wasreb_impact_17,17,FY2023/24,medium,"Water Services Regulatory Board (WASREB), IMPACT Report Issue 17, 2025"
Nyeri,"Very Large (>35,000 connections)",FY2023/24,revenue_collection_eff,108,%,utility,measured,wasreb_impact_17,17,FY2023/24,medium,"Water Services Regulatory Board (WASREB), IMPACT Report Issue 17, 2025"
Nyeri,"Very Large (>35,000 connections)",FY2023/24,personnel_exp_share,49,%,utility,measured,wasreb_impact_17,17,FY2023/24,medium,"Water Services Regulatory Board (WASREB), IMPACT Report Issue 17, 2025"
Nyeri,"Very Large (>35,000 connections)",FY2023/24,om_cost_coverage,108,%,utility,measured,wasreb_impact_17,17,FY2023/24,medium,"Water Services Regulatory Board (WASREB), IMPACT Report Issue 17, 2025"
Nyeri,"Very Large (>35,000 connections)",FY2023/24,metering_ratio,100,%,utility,measured,wasreb_impact_17,17,FY2023/24,high,"Water Services Regulatory Board (WASREB), IMPACT Report Issue 17, 2025"
Nyeri,"Very Large (>35,000 connections)",FY2023/24,total_score,168,points (max 200),utility,measured,wasreb_impact_17,17,FY2023/24,high,"Water Services Regulatory Board (WASREB), IMPACT Report Issue 17, 2025"
Nakuru Urban,"Very Large (>35,000 connections)",FY2023/24,drinking_water_quality,100,%,utility,measured,wasreb_impact_17,17,FY2023/24,high,"Water Services Regulatory Board (WASREB), IMPACT Report Issue 17, 2025"
Nakuru Urban,"Very Large (>35,000 connections)",FY2023/24,non_revenue_water,26,%,utility,measured,wasreb_impact_17,17,FY2023/24,high,"Water Services Regulatory Board (WASREB), IMPACT Report Issue 17, 2025"
Nakuru Urban,"Very Large (>35,000 connections)",FY2023/24,water_coverage,92,%,utility,measured,wasreb_impact_17,17,FY2023/24,high,"Water Services Regulatory Board (WASREB), IMPACT Report Issue 17, 2025"
Nakuru Urban,"Very Large (>35,000 connections)",FY2023/24,hours_of_supply,21,hrs/day,utility,measured,wasreb_impact_17,17,FY2023/24,high,"Water Services Regulatory Board (WASREB), IMPACT Report Issue 17, 2025"
Nakuru Urban,"Very Large (>35,000 connections)",FY2023/24,staff_per_1000_connections,3,staff/1000 conns,utility,measured,wasreb_impact_17,17,FY2023/24,medium,"Water Services Regulatory Board (WASREB), IMPACT Report Issue 17, 2025"
Nakuru Urban,"Very Large (>35,000 connections)",FY2023/24,revenue_collection_eff,94,%,utility,measured,wasreb_impact_17,17,FY2023/24,medium,"Water Services Regulatory Board (WASREB), IMPACT Report Issue 17, 2025"
Nakuru Urban,"Very Large (>35,000 connections)",FY2023/24,personnel_exp_share,27,%,utility,measured,wasreb_impact_17,17,FY2023/24,medium,"Water Services Regulatory Board (WASREB), IMPACT Report Issue 17, 2025"
Nakuru Urban,"Very Large (>35,000 connections)",FY2023/24,om_cost_coverage,102,%,utility,measured,wasreb_impact_17,17,FY2023/24,medium,"Water Services Regulatory Board (WASREB), IMPACT Report Issue 17, 2025"
Nakuru Urban,"Very Large (>35,000 connections)",FY2023/24,metering_ratio,100,%,utility,measured,wasreb_impact_17,17,FY2023/24,high,"Water Services Regulatory Board (WASREB), IMPACT Report Issue 17, 2025"
Nakuru Urban,"Very Large (>35,000 connections)",FY2023/24,total_score,167,points (max 200),utility,measured,wasreb_impact_17,17,FY2023/24,high,"Water Services Regulatory Board (WASREB), IMPACT Report Issue 17, 2025"
Thika,"Very Large (>35,000 connections)",FY2023/24,drinking_water_quality,100,%,utility,measured,wasreb_impact_17,17,FY2023/24,high,"Water Services Regulatory Board (WASREB), IMPACT Report Issue 17, 2025"
Thika,"Very Large (>35,000 connections)",FY2023/24,non_revenue_water,36,%,utility,measured,wasreb_impact_17,17,FY2023/24,high,"Water Services Regulatory Board (WASREB), IMPACT Report Issue 17, 2025"
Thika,"Very Large (>35,000 connections)",FY2023/24,water_coverage,92,%,utility,measured,wasreb_impact_17,17,FY2023/24,high,"Water Services Regulatory Board (WASREB), IMPACT Report Issue 17, 2025"
Thika,"Very Large (>35,000 connections)",FY2023/24,hours_of_supply,21,hrs/day,utility,measured,wasreb_impact_17,17,FY2023/24,high,"Water Services Regulatory Board (WASREB), IMPACT Report Issue 17, 2025"
Thika,"Very Large (>35,000 connections)",FY2023/24,staff_per_1000_connections,5,staff/1000 conns,utility,measured,wasreb_impact_17,17,FY2023/24,medium,"Water Services Regulatory Board (WASREB), IMPACT Report Issue 17, 2025"
Thika,"Very Large (>35,000 connections)",FY2023/24,revenue_collection_eff,95,%,utility,measured,wasreb_impact_17,17,FY2023/24,medium,"Water Services Regulatory Board (WASREB), IMPACT Report Issue 17, 2025"
Thika,"Very Large (>35,000 connections)",FY2023/24,personnel_exp_share,34,%,utility,measured,wasreb_impact_17,17,FY2023/24,medium,"Water Services Regulatory Board (WASREB), IMPACT Report Issue 17, 2025"
Thika,"Very Large (>35,000 connections)",FY2023/24,om_cost_coverage,118,%,utility,measured,wasreb_impact_17,17,FY2023/24,medium,"Water Services Regulatory Board (WASREB), IMPACT Report Issue 17, 2025"
Thika,"Very Large (>35,000 connections)",FY2023/24,metering_ratio,100,%,utility,measured,wasreb_impact_17,17,FY2023/24,high,"Water Services Regulatory Board (WASREB), IMPACT Report Issue 17, 2025"
Thika,"Very Large (>35,000 connections)",FY2023/24,total_score,151,points (max 200),utility,measured,wasreb_impact_17,17,FY2023/24,high,"Water Services Regulatory Board (WASREB), IMPACT Report Issue 17, 2025"
Kisumu,"Very Large (>35,000 connections)",FY2023/24,drinking_water_quality,100,%,utility,measured,wasreb_impact_17,17,FY2023/24,high,"Water Services Regulatory Board (WASREB), IMPACT Report Issue 17, 2025"
Kisumu,"Very Large (>35,000 connections)",FY2023/24,non_revenue_water,37,%,utility,measured,wasreb_impact_17,17,FY2023/24,high,"Water Services Regulatory Board (WASREB), IMPACT Report Issue 17, 2025"
Kisumu,"Very Large (>35,000 connections)",FY2023/24,water_coverage,93,%,utility,measured,wasreb_impact_17,17,FY2023/24,high,"Water Services Regulatory Board (WASREB), IMPACT Report Issue 17, 2025"
Kisumu,"Very Large (>35,000 connections)",FY2023/24,hours_of_supply,24,hrs/day,utility,measured,wasreb_impact_17,17,FY2023/24,high,"Water Services Regulatory Board (WASREB), IMPACT Report Issue 17, 2025"
Kisumu,"Very Large (>35,000 connections)",FY2023/24,staff_per_1000_connections,5,staff/1000 conns,utility,measured,wasreb_impact_17,17,FY2023/24,medium,"Water Services Regulatory Board (WASREB), IMPACT Report Issue 17, 2025"
Kisumu,"Very Large (>35,000 connections)",FY2023/24,revenue_collection_eff,96,%,utility,measured,wasreb_impact_17,17,FY2023/24,medium,"Water Services Regulatory Board (WASREB), IMPACT Report Issue 17, 2025"
Kisumu,"Very Large (>35,000 connections)",FY2023/24,personnel_exp_share,31,%,utility,measured,wasreb_impact_17,17,FY2023/24,medium,"Water Services Regulatory Board (WASREB), IMPACT Report Issue 17, 2025"
Kisumu,"Very Large (>35,000 connections)",FY2023/24,om_cost_coverage,105,%,utility,measured,wasreb_impact_17,17,FY2023/24,medium,"Water Services Regulatory Board (WASREB), IMPACT Report Issue 17, 2025"
Kisumu,"Very Large (>35,000 connections)",FY2023/24,metering_ratio,100,%,utility,measured,wasreb_impact_17,17,FY2023/24,high,"Water Services Regulatory Board (WASREB), IMPACT Report Issue 17, 2025"
Kisumu,"Very Large (>35,000 connections)",FY2023/24,total_score,150,points (max 200),utility,measured,wasreb_impact_17,17,FY2023/24,high,"Water Services Regulatory Board (WASREB), IMPACT Report Issue 17, 2025"
Ruiru-Juja,"Very Large (>35,000 connections)",FY2023/24,drinking_water_quality,100,%,utility,measured,wasreb_impact_17,17,FY2023/24,high,"Water Services Regulatory Board (WASREB), IMPACT Report Issue 17, 2025"
Ruiru-Juja,"Very Large (>35,000 connections)",FY2023/24,non_revenue_water,44,%,utility,measured,wasreb_impact_17,17,FY2023/24,high,"Water Services Regulatory Board (WASREB), IMPACT Report Issue 17, 2025"
Ruiru-Juja,"Very Large (>35,000 connections)",FY2023/24,water_coverage,95,%,utility,measured,wasreb_impact_17,17,FY2023/24,high,"Water Services Regulatory Board (WASREB), IMPACT Report Issue 17, 2025"
Ruiru-Juja,"Very Large (>35,000 connections)",FY2023/24,hours_of_supply,21,hrs/day,utility,measured,wasreb_impact_17,17,FY2023/24,high,"Water Services Regulatory Board (WASREB), IMPACT Report Issue 17, 2025"
Ruiru-Juja,"Very Large (>35,000 connections)",FY2023/24,staff_per_1000_connections,5,staff/1000 conns,utility,measured,wasreb_impact_17,17,FY2023/24,medium,"Water Services Regulatory Board (WASREB), IMPACT Report Issue 17, 2025"
Ruiru-Juja,"Very Large (>35,000 connections)",FY2023/24,revenue_collection_eff,90,%,utility,measured,wasreb_impact_17,17,FY2023/24,medium,"Water Services Regulatory Board (WASREB), IMPACT Report Issue 17, 2025"
Ruiru-Juja,"Very Large (>35,000 connections)",FY2023/24,personnel_exp_share,33,%,utility,measured,wasreb_impact_17,17,FY2023/24,medium,"Water Services Regulatory Board (WASREB), IMPACT Report Issue 17, 2025"
Ruiru-Juja,"Very Large (>35,000 connections)",FY2023/24,om_cost_coverage,136,%,utility,measured,wasreb_impact_17,17,FY2023/24,medium,"Water Services Regulatory Board (WASREB), IMPACT Report Issue 17, 2025"
Ruiru-Juja,"Very Large (>35,000 connections)",FY2023/24,metering_ratio,100,%,utility,measured,wasreb_impact_17,17,FY2023/24,high,"Water Services Regulatory Board (WASREB), IMPACT Report Issue 17, 2025"
Ruiru-Juja,"Very Large (>35,000 connections)",FY2023/24,total_score,145,points (max 200),utility,measured,wasreb_impact_17,17,FY2023/24,high,"Water Services Regulatory Board (WASREB), IMPACT Report Issue 17, 2025"
Kakamega Urban,"Very Large (>35,000 connections)",FY2023/24,drinking_water_quality,93,%,utility,measured,wasreb_impact_17,17,FY2023/24,high,"Water Services Regulatory Board (WASREB), IMPACT Report Issue 17, 2025"
Kakamega Urban,"Very Large (>35,000 connections)",FY2023/24,non_revenue_water,37,%,utility,measured,wasreb_impact_17,17,FY2023/24,high,"Water Services Regulatory Board (WASREB), IMPACT Report Issue 17, 2025"
Kakamega Urban,"Very Large (>35,000 connections)",FY2023/24,water_coverage,98,%,utility,measured,wasreb_impact_17,17,FY2023/24,high,"Water Services Regulatory Board (WASREB), IMPACT Report Issue 17, 2025"
Kakamega Urban,"Very Large (>35,000 connections)",FY2023/24,hours_of_supply,21,hrs/day,utility,measured,wasreb_impact_17,17,FY2023/24,high,"Water Services Regulatory Board (WASREB), IMPACT Report Issue 17, 2025"
Kakamega Urban,"Very Large (>35,000 connections)",FY2023/24,staff_per_1000_connections,4,staff/1000 conns,utility,measured,wasreb_impact_17,17,FY2023/24,medium,"Water Services Regulatory Board (WASREB), IMPACT Report Issue 17, 2025"
Kakamega Urban,"Very Large (>35,000 connections)",FY2023/24,revenue_collection_eff,97,%,utility,measured,wasreb_impact_17,17,FY2023/24,medium,"Water Services Regulatory Board (WASREB), IMPACT Report Issue 17, 2025"
Kakamega Urban,"Very Large (>35,000 connections)",FY2023/24,personnel_exp_share,55,%,utility,measured,wasreb_impact_17,17,FY2023/24,medium,"Water Services Regulatory Board (WASREB), IMPACT Report Issue 17, 2025"
Kakamega Urban,"Very Large (>35,000 connections)",FY2023/24,om_cost_coverage,118,%,utility,measured,wasreb_impact_17,17,FY2023/24,medium,"Water Services Regulatory Board (WASREB), IMPACT Report Issue 17, 2025"
Kakamega Urban,"Very Large (>35,000 connections)",FY2023/24,metering_ratio,100,%,utility,measured,wasreb_impact_17,17,FY2023/24,high,"Water Services Regulatory Board (WASREB), IMPACT Report Issue 17, 2025"
Kakamega Urban,"Very Large (>35,000 connections)",FY2023/24,total_score,141,points (max 200),utility,measured,wasreb_impact_17,17,FY2023/24,high,"Water Services Regulatory Board (WASREB), IMPACT Report Issue 17, 2025"
Embu,"Very Large (>35,000 connections)",FY2023/24,drinking_water_quality,100,%,utility,measured,wasreb_impact_17,17,FY2023/24,high,"Water Services Regulatory Board (WASREB), IMPACT Report Issue 17, 2025"
Embu,"Very Large (>35,000 connections)",FY2023/24,non_revenue_water,35,%,utility,measured,wasreb_impact_17,17,FY2023/24,high,"Water Services Regulatory Board (WASREB), IMPACT Report Issue 17, 2025"
Embu,"Very Large (>35,000 connections)",FY2023/24,water_coverage,83,%,utility,measured,wasreb_impact_17,17,FY2023/24,high,"Water Services Regulatory Board (WASREB), IMPACT Report Issue 17, 2025"
Embu,"Very Large (>35,000 connections)",FY2023/24,hours_of_supply,23,hrs/day,utility,measured,wasreb_impact_17,17,FY2023/24,high,"Water Services Regulatory Board (WASREB), IMPACT Report Issue 17, 2025"
Embu,"Very Large (>35,000 connections)",FY2023/24,staff_per_1000_connections,5,staff/1000 conns,utility,measured,wasreb_impact_17,17,FY2023/24,medium,"Water Services Regulatory Board (WASREB), IMPACT Report Issue 17, 2025"
Embu,"Very Large (>35,000 connections)",FY2023/24,revenue_collection_eff,95,%,utility,measured,wasreb_impact_17,17,FY2023/24,medium,"Water Services Regulatory Board (WASREB), IMPACT Report Issue 17, 2025"
Embu,"Very Large (>35,000 connections)",FY2023/24,personnel_exp_share,49,%,utility,measured,wasreb_impact_17,17,FY2023/24,medium,"Water Services Regulatory Board (WASREB), IMPACT Report Issue 17, 2025"
Embu,"Very Large (>35,000 connections)",FY2023/24,om_cost_coverage,102,%,utility,measured,wasreb_impact_17,17,FY2023/24,medium,"Water Services Regulatory Board (WASREB), IMPACT Report Issue 17, 2025"
Embu,"Very Large (>35,000 connections)",FY2023/24,metering_ratio,100,%,utility,measured,wasreb_impact_17,17,FY2023/24,high,"Water Services Regulatory Board (WASREB), IMPACT Report Issue 17, 2025"
Embu,"Very Large (>35,000 connections)",FY2023/24,total_score,140,points (max 200),utility,measured,wasreb_impact_17,17,FY2023/24,high,"Water Services Regulatory Board (WASREB), IMPACT Report Issue 17, 2025"
Eldoret,"Very Large (>35,000 connections)",FY2023/24,drinking_water_quality,93,%,utility,measured,wasreb_impact_17,17,FY2023/24,high,"Water Services Regulatory Board (WASREB), IMPACT Report Issue 17, 2025"
Eldoret,"Very Large (>35,000 connections)",FY2023/24,non_revenue_water,37,%,utility,measured,wasreb_impact_17,17,FY2023/24,high,"Water Services Regulatory Board (WASREB), IMPACT Report Issue 17, 2025"
Eldoret,"Very Large (>35,000 connections)",FY2023/24,water_coverage,83,%,utility,measured,wasreb_impact_17,17,FY2023/24,high,"Water Services Regulatory Board (WASREB), IMPACT Report Issue 17, 2025"
Eldoret,"Very Large (>35,000 connections)",FY2023/24,hours_of_supply,23,hrs/day,utility,measured,wasreb_impact_17,17,FY2023/24,high,"Water Services Regulatory Board (WASREB), IMPACT Report Issue 17, 2025"
Eldoret,"Very Large (>35,000 connections)",FY2023/24,staff_per_1000_connections,4,staff/1000 conns,utility,measured,wasreb_impact_17,17,FY2023/24,medium,"Water Services Regulatory Board (WASREB), IMPACT Report Issue 17, 2025"
Eldoret,"Very Large (>35,000 connections)",FY2023/24,revenue_collection_eff,103,%,utility,measured,wasreb_impact_17,17,FY2023/24,medium,"Water Services Regulatory Board (WASREB), IMPACT Report Issue 17, 2025"
Eldoret,"Very Large (>35,000 connections)",FY2023/24,personnel_exp_share,54,%,utility,measured,wasreb_impact_17,17,FY2023/24,medium,"Water Services Regulatory Board (WASREB), IMPACT Report Issue 17, 2025"
Eldoret,"Very Large (>35,000 connections)",FY2023/24,om_cost_coverage,106,%,utility,measured,wasreb_impact_17,17,FY2023/24,medium,"Water Services Regulatory Board (WASREB), IMPACT Report Issue 17, 2025"
Eldoret,"Very Large (>35,000 connections)",FY2023/24,metering_ratio,100,%,utility,measured,wasreb_impact_17,17,FY2023/24,high,"Water Services Regulatory Board (WASREB), IMPACT Report Issue 17, 2025"
Eldoret,"Very Large (>35,000 connections)",FY2023/24,total_score,131,points (max 200),utility,measured,wasreb_impact_17,17,FY2023/24,high,"Water Services Regulatory Board (WASREB), IMPACT Report Issue 17, 2025"
Murang'a South,"Very Large (>35,000 connections)",FY2023/24,drinking_water_quality,100,%,utility,measured,wasreb_impact_17,17,FY2023/24,high,"Water Services Regulatory Board (WASREB), IMPACT Report Issue 17, 2025"
Murang'a South,"Very Large (>35,000 connections)",FY2023/24,non_revenue_water,40,%,utility,measured,wasreb_impact_17,17,FY2023/24,high,"Water Services Regulatory Board (WASREB), IMPACT Report Issue 17, 2025"
Murang'a South,"Very Large (>35,000 connections)",FY2023/24,water_coverage,75,%,utility,measured,wasreb_impact_17,17,FY2023/24,high,"Water Services Regulatory Board (WASREB), IMPACT Report Issue 17, 2025"
Murang'a South,"Very Large (>35,000 connections)",FY2023/24,hours_of_supply,20,hrs/day,utility,measured,wasreb_impact_17,17,FY2023/24,high,"Water Services Regulatory Board (WASREB), IMPACT Report Issue 17, 2025"
Murang'a South,"Very Large (>35,000 connections)",FY2023/24,staff_per_1000_connections,4,staff/1000 conns,utility,measured,wasreb_impact_17,17,FY2023/24,medium,"Water Services Regulatory Board (WASREB), IMPACT Report Issue 17, 2025"
Murang'a South,"Very Large (>35,000 connections)",FY2023/24,revenue_collection_eff,99,%,utility,measured,wasreb_impact_17,17,FY2023/24,medium,"Water Services Regulatory Board (WASREB), IMPACT Report Issue 17, 2025"
Murang'a South,"Very Large (>35,000 connections)",FY2023/24,personnel_exp_share,47,%,utility,measured,wasreb_impact_17,17,FY2023/24,medium,"Water Services Regulatory Board (WASREB), IMPACT Report Issue 17, 2025"
Murang'a South,"Very Large (>35,000 connections)",FY2023/24,om_cost_coverage,103,%,utility,measured,wasreb_impact_17,17,FY2023/24,medium,"Water Services Regulatory Board (WASREB), IMPACT Report Issue 17, 2025"
Murang'a South,"Very Large (>35,000 connections)",FY2023/24,metering_ratio,100,%,utility,measured,wasreb_impact_17,17,FY2023/24,high,"Water Services Regulatory Board (WASREB), IMPACT Report Issue 17, 2025"
Murang'a South,"Very Large (>35,000 connections)",FY2023/24,total_score,129,points (max 200),utility,measured,wasreb_impact_17,17,FY2023/24,high,"Water Services Regulatory Board (WASREB), IMPACT Report Issue 17, 2025"
Malindi,"Very Large (>35,000 connections)",FY2023/24,drinking_water_quality,100,%,utility,measured,wasreb_impact_17,17,FY2023/24,high,"Water Services Regulatory Board (WASREB), IMPACT Report Issue 17, 2025"
Malindi,"Very Large (>35,000 connections)",FY2023/24,non_revenue_water,21,%,utility,measured,wasreb_impact_17,17,FY2023/24,high,"Water Services Regulatory Board (WASREB), IMPACT Report Issue 17, 2025"
Malindi,"Very Large (>35,000 connections)",FY2023/24,water_coverage,73,%,utility,measured,wasreb_impact_17,17,FY2023/24,high,"Water Services Regulatory Board (WASREB), IMPACT Report Issue 17, 2025"
Malindi,"Very Large (>35,000 connections)",FY2023/24,hours_of_supply,20,hrs/day,utility,measured,wasreb_impact_17,17,FY2023/24,high,"Water Services Regulatory Board (WASREB), IMPACT Report Issue 17, 2025"
Malindi,"Very Large (>35,000 connections)",FY2023/24,staff_per_1000_connections,8,staff/1000 conns,utility,measured,wasreb_impact_17,17,FY2023/24,medium,"Water Services Regulatory Board (WASREB), IMPACT Report Issue 17, 2025"
Malindi,"Very Large (>35,000 connections)",FY2023/24,revenue_collection_eff,85,%,utility,measured,wasreb_impact_17,17,FY2023/24,medium,"Water Services Regulatory Board (WASREB), IMPACT Report Issue 17, 2025"
Malindi,"Very Large (>35,000 connections)",FY2023/24,personnel_exp_share,38,%,utility,measured,wasreb_impact_17,17,FY2023/24,medium,"Water Services Regulatory Board (WASREB), IMPACT Report Issue 17, 2025"
Malindi,"Very Large (>35,000 connections)",FY2023/24,om_cost_coverage,102,%,utility,measured,wasreb_impact_17,17,FY2023/24,medium,"Water Services Regulatory Board (WASREB), IMPACT Report Issue 17, 2025"
Malindi,"Very Large (>35,000 connections)",FY2023/24,metering_ratio,100,%,utility,measured,wasreb_impact_17,17,FY2023/24,high,"Water Services Regulatory Board (WASREB), IMPACT Report Issue 17, 2025"
Malindi,"Very Large (>35,000 connections)",FY2023/24,total_score,111,points (max 200),utility,measured,wasreb_impact_17,17,FY2023/24,high,"Water Services Regulatory Board (WASREB), IMPACT Report Issue 17, 2025"
Kirinyaga,"Very Large (>35,000 connections)",FY2023/24,drinking_water_quality,100,%,utility,measured,wasreb_impact_17,17,FY2023/24,high,"Water Services Regulatory Board (WASREB), IMPACT Report Issue 17, 2025"
Kirinyaga,"Very Large (>35,000 connections)",FY2023/24,non_revenue_water,52,%,utility,measured,wasreb_impact_17,17,FY2023/24,high,"Water Services Regulatory Board (WASREB), IMPACT Report Issue 17, 2025"
Kirinyaga,"Very Large (>35,000 connections)",FY2023/24,water_coverage,65,%,utility,measured,wasreb_impact_17,17,FY2023/24,high,"Water Services Regulatory Board (WASREB), IMPACT Report Issue 17, 2025"
Kirinyaga,"Very Large (>35,000 connections)",FY2023/24,hours_of_supply,21,hrs/day,utility,measured,wasreb_impact_17,17,FY2023/24,high,"Water Services Regulatory Board (WASREB), IMPACT Report Issue 17, 2025"
Kirinyaga,"Very Large (>35,000 connections)",FY2023/24,staff_per_1000_connections,5,staff/1000 conns,utility,measured,wasreb_impact_17,17,FY2023/24,medium,"Water Services Regulatory Board (WASREB), IMPACT Report Issue 17, 2025"
Kirinyaga,"Very Large (>35,000 connections)",FY2023/24,revenue_collection_eff,92,%,utility,measured,wasreb_impact_17,17,FY2023/24,medium,"Water Services Regulatory Board (WASREB), IMPACT Report Issue 17, 2025"
Kirinyaga,"Very Large (>35,000 connections)",FY2023/24,personnel_exp_share,56,%,utility,measured,wasreb_impact_17,17,FY2023/24,medium,"Water Services Regulatory Board (WASREB), IMPACT Report Issue 17, 2025"
Kirinyaga,"Very Large (>35,000 connections)",FY2023/24,om_cost_coverage,85,%,utility,measured,wasreb_impact_17,17,FY2023/24,medium,"Water Services Regulatory Board (WASREB), IMPACT Report Issue 17, 2025"
Kirinyaga,"Very Large (>35,000 connections)",FY2023/24,metering_ratio,100,%,utility,measured,wasreb_impact_17,17,FY2023/24,high,"Water Services Regulatory Board (WASREB), IMPACT Report Issue 17, 2025"
Kirinyaga,"Very Large (>35,000 connections)",FY2023/24,total_score,110,points (max 200),utility,measured,wasreb_impact_17,17,FY2023/24,high,"Water Services Regulatory Board (WASREB), IMPACT Report Issue 17, 2025"
Kilifi Mariakani,"Very Large (>35,000 connections)",FY2023/24,drinking_water_quality,96,%,utility,measured,wasreb_impact_17,17,FY2023/24,high,"Water Services Regulatory Board (WASREB), IMPACT Report Issue 17, 2025"
Kilifi Mariakani,"Very Large (>35,000 connections)",FY2023/24,non_revenue_water,49,%,utility,measured,wasreb_impact_17,17,FY2023/24,high,"Water Services Regulatory Board (WASREB), IMPACT Report Issue 17, 2025"
Kilifi Mariakani,"Very Large (>35,000 connections)",FY2023/24,water_coverage,64,%,utility,measured,wasreb_impact_17,17,FY2023/24,high,"Water Services Regulatory Board (WASREB), IMPACT Report Issue 17, 2025"
Kilifi Mariakani,"Very Large (>35,000 connections)",FY2023/24,hours_of_supply,18,hrs/day,utility,measured,wasreb_impact_17,17,FY2023/24,high,"Water Services Regulatory Board (WASREB), IMPACT Report Issue 17, 2025"
Kilifi Mariakani,"Very Large (>35,000 connections)",FY2023/24,staff_per_1000_connections,7,staff/1000 conns,utility,measured,wasreb_impact_17,17,FY2023/24,medium,"Water Services Regulatory Board (WASREB), IMPACT Report Issue 17, 2025"
Kilifi Mariakani,"Very Large (>35,000 connections)",FY2023/24,revenue_collection_eff,97,%,utility,measured,wasreb_impact_17,17,FY2023/24,medium,"Water Services Regulatory Board (WASREB), IMPACT Report Issue 17, 2025"
Kilifi Mariakani,"Very Large (>35,000 connections)",FY2023/24,personnel_exp_share,28,%,utility,measured,wasreb_impact_17,17,FY2023/24,medium,"Water Services Regulatory Board (WASREB), IMPACT Report Issue 17, 2025"
Kilifi Mariakani,"Very Large (>35,000 connections)",FY2023/24,om_cost_coverage,70,%,utility,measured,wasreb_impact_17,17,FY2023/24,medium,"Water Services Regulatory Board (WASREB), IMPACT Report Issue 17, 2025"
Kilifi Mariakani,"Very Large (>35,000 connections)",FY2023/24,metering_ratio,100,%,utility,measured,wasreb_impact_17,17,FY2023/24,high,"Water Services Regulatory Board (WASREB), IMPACT Report Issue 17, 2025"
Kilifi Mariakani,"Very Large (>35,000 connections)",FY2023/24,total_score,107,points (max 200),utility,measured,wasreb_impact_17,17,FY2023/24,high,"Water Services Regulatory Board (WASREB), IMPACT Report Issue 17, 2025"
Gatundu,"Very Large (>35,000 connections)",FY2023/24,drinking_water_quality,68,%,utility,measured,wasreb_impact_17,17,FY2023/24,high,"Water Services Regulatory Board (WASREB), IMPACT Report Issue 17, 2025"
Gatundu,"Very Large (>35,000 connections)",FY2023/24,non_revenue_water,33,%,utility,measured,wasreb_impact_17,17,FY2023/24,high,"Water Services Regulatory Board (WASREB), IMPACT Report Issue 17, 2025"
Gatundu,"Very Large (>35,000 connections)",FY2023/24,water_coverage,74,%,utility,measured,wasreb_impact_17,17,FY2023/24,high,"Water Services Regulatory Board (WASREB), IMPACT Report Issue 17, 2025"
Gatundu,"Very Large (>35,000 connections)",FY2023/24,hours_of_supply,21,hrs/day,utility,measured,wasreb_impact_17,17,FY2023/24,high,"Water Services Regulatory Board (WASREB), IMPACT Report Issue 17, 2025"
Gatundu,"Very Large (>35,000 connections)",FY2023/24,staff_per_1000_connections,5,staff/1000 conns,utility,measured,wasreb_impact_17,17,FY2023/24,medium,"Water Services Regulatory Board (WASREB), IMPACT Report Issue 17, 2025"
Gatundu,"Very Large (>35,000 connections)",FY2023/24,revenue_collection_eff,95,%,utility,measured,wasreb_impact_17,17,FY2023/24,medium,"Water Services Regulatory Board (WASREB), IMPACT Report Issue 17, 2025"
Gatundu,"Very Large (>35,000 connections)",FY2023/24,personnel_exp_share,53,%,utility,measured,wasreb_impact_17,17,FY2023/24,medium,"Water Services Regulatory Board (WASREB), IMPACT Report Issue 17, 2025"
Gatundu,"Very Large (>35,000 connections)",FY2023/24,om_cost_coverage,70,%,utility,measured,wasreb_impact_17,17,FY2023/24,medium,"Water Services Regulatory Board (WASREB), IMPACT Report Issue 17, 2025"
Gatundu,"Very Large (>35,000 connections)",FY2023/24,metering_ratio,100,%,utility,measured,wasreb_impact_17,17,FY2023/24,high,"Water Services Regulatory Board (WASREB), IMPACT Report Issue 17, 2025"
Gatundu,"Very Large (>35,000 connections)",FY2023/24,total_score,102,points (max 200),utility,measured,wasreb_impact_17,17,FY2023/24,high,"Water Services Regulatory Board (WASREB), IMPACT Report Issue 17, 2025"
Nairobi,"Very Large (>35,000 connections)",FY2023/24,drinking_water_quality,95,%,utility,measured,wasreb_impact_17,17,FY2023/24,high,"Water Services Regulatory Board (WASREB), IMPACT Report Issue 17, 2025"
Nairobi,"Very Large (>35,000 connections)",FY2023/24,non_revenue_water,48,%,utility,measured,wasreb_impact_17,17,FY2023/24,high,"Water Services Regulatory Board (WASREB), IMPACT Report Issue 17, 2025"
Nairobi,"Very Large (>35,000 connections)",FY2023/24,water_coverage,79,%,utility,measured,wasreb_impact_17,17,FY2023/24,high,"Water Services Regulatory Board (WASREB), IMPACT Report Issue 17, 2025"
Nairobi,"Very Large (>35,000 connections)",FY2023/24,hours_of_supply,7,hrs/day,utility,measured,wasreb_impact_17,17,FY2023/24,high,"Water Services Regulatory Board (WASREB), IMPACT Report Issue 17, 2025"
Nairobi,"Very Large (>35,000 connections)",FY2023/24,staff_per_1000_connections,7,staff/1000 conns,utility,measured,wasreb_impact_17,17,FY2023/24,medium,"Water Services Regulatory Board (WASREB), IMPACT Report Issue 17, 2025"
Nairobi,"Very Large (>35,000 connections)",FY2023/24,revenue_collection_eff,94,%,utility,measured,wasreb_impact_17,17,FY2023/24,medium,"Water Services Regulatory Board (WASREB), IMPACT Report Issue 17, 2025"
Nairobi,"Very Large (>35,000 connections)",FY2023/24,personnel_exp_share,61,%,utility,measured,wasreb_impact_17,17,FY2023/24,medium,"Water Services Regulatory Board (WASREB), IMPACT Report Issue 17, 2025"
Nairobi,"Very Large (>35,000 connections)",FY2023/24,om_cost_coverage,105,%,utility,measured,wasreb_impact_17,17,FY2023/24,medium,"Water Services Regulatory Board (WASREB), IMPACT Report Issue 17, 2025"
Nairobi,"Very Large (>35,000 connections)",FY2023/24,metering_ratio,100,%,utility,measured,wasreb_impact_17,17,FY2023/24,high,"Water Services Regulatory Board (WASREB), IMPACT Report Issue 17, 2025"
Nairobi,"Very Large (>35,000 connections)",FY2023/24,total_score,101,points (max 200),utility,measured,wasreb_impact_17,17,FY2023/24,high,"Water Services Regulatory Board (WASREB), IMPACT Report Issue 17, 2025"
Othaya Mukurweini,"Very Large (>35,000 connections)",FY2023/24,drinking_water_quality,100,%,utility,measured,wasreb_impact_17,17,FY2023/24,high,"Water Services Regulatory Board (WASREB), IMPACT Report Issue 17, 2025"
Othaya Mukurweini,"Very Large (>35,000 connections)",FY2023/24,non_revenue_water,45,%,utility,measured,wasreb_impact_17,17,FY2023/24,high,"Water Services Regulatory Board (WASREB), IMPACT Report Issue 17, 2025"
Othaya Mukurweini,"Very Large (>35,000 connections)",FY2023/24,water_coverage,48,%,utility,measured,wasreb_impact_17,17,FY2023/24,high,"Water Services Regulatory Board (WASREB), IMPACT Report Issue 17, 2025"
Othaya Mukurweini,"Very Large (>35,000 connections)",FY2023/24,hours_of_supply,24,hrs/day,utility,measured,wasreb_impact_17,17,FY2023/24,high,"Water Services Regulatory Board (WASREB), IMPACT Report Issue 17, 2025"
Othaya Mukurweini,"Very Large (>35,000 connections)",FY2023/24,staff_per_1000_connections,6,staff/1000 conns,utility,measured,wasreb_impact_17,17,FY2023/24,medium,"Water Services Regulatory Board (WASREB), IMPACT Report Issue 17, 2025"
Othaya Mukurweini,"Very Large (>35,000 connections)",FY2023/24,revenue_collection_eff,93,%,utility,measured,wasreb_impact_17,17,FY2023/24,medium,"Water Services Regulatory Board (WASREB), IMPACT Report Issue 17, 2025"
Othaya Mukurweini,"Very Large (>35,000 connections)",FY2023/24,personnel_exp_share,43,%,utility,measured,wasreb_impact_17,17,FY2023/24,medium,"Water Services Regulatory Board (WASREB), IMPACT Report Issue 17, 2025"
Othaya Mukurweini,"Very Large (>35,000 connections)",FY2023/24,om_cost_coverage,98,%,utility,measured,wasreb_impact_17,17,FY2023/24,medium,"Water Services Regulatory Board (WASREB), IMPACT Report Issue 17, 2025"
Othaya Mukurweini,"Very Large (>35,000 connections)",FY2023/24,metering_ratio,99,%,utility,measured,wasreb_impact_17,17,FY2023/24,high,"Water Services Regulatory Board (WASREB), IMPACT Report Issue 17, 2025"
Othaya Mukurweini,"Very Large (>35,000 connections)",FY2023/24,total_score,101,points (max 200),utility,measured,wasreb_impact_17,17,FY2023/24,high,"Water Services Regulatory Board (WASREB), IMPACT Report Issue 17, 2025"
Nzoia,"Very Large (>35,000 connections)",FY2023/24,drinking_water_quality,93,%,utility,measured,wasreb_impact_17,17,FY2023/24,high,"Water Services Regulatory Board (WASREB), IMPACT Report Issue 17, 2025"
Nzoia,"Very Large (>35,000 connections)",FY2023/24,non_revenue_water,42,%,utility,measured,wasreb_impact_17,17,FY2023/24,high,"Water Services Regulatory Board (WASREB), IMPACT Report Issue 17, 2025"
Nzoia,"Very Large (>35,000 connections)",FY2023/24,water_coverage,47,%,utility,measured,wasreb_impact_17,17,FY2023/24,high,"Water Services Regulatory Board (WASREB), IMPACT Report Issue 17, 2025"
Nzoia,"Very Large (>35,000 connections)",FY2023/24,hours_of_supply,20,hrs/day,utility,measured,wasreb_impact_17,17,FY2023/24,high,"Water Services Regulatory Board (WASREB), IMPACT Report Issue 17, 2025"
Nzoia,"Very Large (>35,000 connections)",FY2023/24,staff_per_1000_connections,6,staff/1000 conns,utility,measured,wasreb_impact_17,17,FY2023/24,medium,"Water Services Regulatory Board (WASREB), IMPACT Report Issue 17, 2025"
Nzoia,"Very Large (>35,000 connections)",FY2023/24,revenue_collection_eff,112,%,utility,measured,wasreb_impact_17,17,FY2023/24,medium,"Water Services Regulatory Board (WASREB), IMPACT Report Issue 17, 2025"
Nzoia,"Very Large (>35,000 connections)",FY2023/24,personnel_exp_share,37,%,utility,measured,wasreb_impact_17,17,FY2023/24,medium,"Water Services Regulatory Board (WASREB), IMPACT Report Issue 17, 2025"
Nzoia,"Very Large (>35,000 connections)",FY2023/24,om_cost_coverage,97,%,utility,measured,wasreb_impact_17,17,FY2023/24,medium,"Water Services Regulatory Board (WASREB), IMPACT Report Issue 17, 2025"
Nzoia,"Very Large (>35,000 connections)",FY2023/24,metering_ratio,100,%,utility,measured,wasreb_impact_17,17,FY2023/24,high,"Water Services Regulatory Board (WASREB), IMPACT Report Issue 17, 2025"
Nzoia,"Very Large (>35,000 connections)",FY2023/24,total_score,93,points (max 200),utility,measured,wasreb_impact_17,17,FY2023/24,high,"Water Services Regulatory Board (WASREB), IMPACT Report Issue 17, 2025"
Kericho,"Very Large (>35,000 connections)",FY2023/24,drinking_water_quality,100,%,utility,measured,wasreb_impact_17,17,FY2023/24,high,"Water Services Regulatory Board (WASREB), IMPACT Report Issue 17, 2025"
Kericho,"Very Large (>35,000 connections)",FY2023/24,non_revenue_water,58,%,utility,measured,wasreb_impact_17,17,FY2023/24,high,"Water Services Regulatory Board (WASREB), IMPACT Report Issue 17, 2025"
Kericho,"Very Large (>35,000 connections)",FY2023/24,water_coverage,37,%,utility,measured,wasreb_impact_17,17,FY2023/24,high,"Water Services Regulatory Board (WASREB), IMPACT Report Issue 17, 2025"
Kericho,"Very Large (>35,000 connections)",FY2023/24,hours_of_supply,18,hrs/day,utility,measured,wasreb_impact_17,17,FY2023/24,high,"Water Services Regulatory Board (WASREB), IMPACT Report Issue 17, 2025"
Kericho,"Very Large (>35,000 connections)",FY2023/24,staff_per_1000_connections,7,staff/1000 conns,utility,measured,wasreb_impact_17,17,FY2023/24,medium,"Water Services Regulatory Board (WASREB), IMPACT Report Issue 17, 2025"
Kericho,"Very Large (>35,000 connections)",FY2023/24,revenue_collection_eff,75,%,utility,measured,wasreb_impact_17,17,FY2023/24,medium,"Water Services Regulatory Board (WASREB), IMPACT Report Issue 17, 2025"
Kericho,"Very Large (>35,000 connections)",FY2023/24,personnel_exp_share,65,%,utility,measured,wasreb_impact_17,17,FY2023/24,medium,"Water Services Regulatory Board (WASREB), IMPACT Report Issue 17, 2025"
Kericho,"Very Large (>35,000 connections)",FY2023/24,om_cost_coverage,101,%,utility,measured,wasreb_impact_17,17,FY2023/24,medium,"Water Services Regulatory Board (WASREB), IMPACT Report Issue 17, 2025"
Kericho,"Very Large (>35,000 connections)",FY2023/24,metering_ratio,100,%,utility,measured,wasreb_impact_17,17,FY2023/24,high,"Water Services Regulatory Board (WASREB), IMPACT Report Issue 17, 2025"
Kericho,"Very Large (>35,000 connections)",FY2023/24,total_score,71,points (max 200),utility,measured,wasreb_impact_17,17,FY2023/24,high,"Water Services Regulatory Board (WASREB), IMPACT Report Issue 17, 2025"
Mombasa,"Very Large (>35,000 connections)",FY2023/24,drinking_water_quality,92,%,utility,measured,wasreb_impact_17,17,FY2023/24,high,"Water Services Regulatory Board (WASREB), IMPACT Report Issue 17, 2025"
Mombasa,"Very Large (>35,000 connections)",FY2023/24,non_revenue_water,55,%,utility,measured,wasreb_impact_17,17,FY2023/24,high,"Water Services Regulatory Board (WASREB), IMPACT Report Issue 17, 2025"
Mombasa,"Very Large (>35,000 connections)",FY2023/24,water_coverage,70,%,utility,measured,wasreb_impact_17,17,FY2023/24,high,"Water Services Regulatory Board (WASREB), IMPACT Report Issue 17, 2025"
Mombasa,"Very Large (>35,000 connections)",FY2023/24,hours_of_supply,15,hrs/day,utility,measured,wasreb_impact_17,17,FY2023/24,high,"Water Services Regulatory Board (WASREB), IMPACT Report Issue 17, 2025"
Mombasa,"Very Large (>35,000 connections)",FY2023/24,staff_per_1000_connections,8,staff/1000 conns,utility,measured,wasreb_impact_17,17,FY2023/24,medium,"Water Services Regulatory Board (WASREB), IMPACT Report Issue 17, 2025"
Mombasa,"Very Large (>35,000 connections)",FY2023/24,revenue_collection_eff,90,%,utility,measured,wasreb_impact_17,17,FY2023/24,medium,"Water Services Regulatory Board (WASREB), IMPACT Report Issue 17, 2025"
Mombasa,"Very Large (>35,000 connections)",FY2023/24,personnel_exp_share,37,%,utility,measured,wasreb_impact_17,17,FY2023/24,medium,"Water Services Regulatory Board (WASREB), IMPACT Report Issue 17, 2025"
Mombasa,"Very Large (>35,000 connections)",FY2023/24,om_cost_coverage,104,%,utility,measured,wasreb_impact_17,17,FY2023/24,medium,"Water Services Regulatory Board (WASREB), IMPACT Report Issue 17, 2025"
Mombasa,"Very Large (>35,000 connections)",FY2023/24,metering_ratio,100,%,utility,measured,wasreb_impact_17,17,FY2023/24,high,"Water Services Regulatory Board (WASREB), IMPACT Report Issue 17, 2025"
Mombasa,"Very Large (>35,000 connections)",FY2023/24,total_score,68,points (max 200),utility,measured,wasreb_impact_17,17,FY2023/24,high,"Water Services Regulatory Board (WASREB), IMPACT Report Issue 17, 2025"
Nanyuki,"Large (10,000-35,000 connections)",FY2023/24,drinking_water_quality,100,%,utility,measured,wasreb_impact_17,17,FY2023/24,high,"Water Services Regulatory Board (WASREB), IMPACT Report Issue 17, 2025"
Nanyuki,"Large (10,000-35,000 connections)",FY2023/24,non_revenue_water,28,%,utility,measured,wasreb_impact_17,17,FY2023/24,high,"Water Services Regulatory Board (WASREB), IMPACT Report Issue 17, 2025"
Nanyuki,"Large (10,000-35,000 connections)",FY2023/24,water_coverage,95,%,utility,measured,wasreb_impact_17,17,FY2023/24,high,"Water Services Regulatory Board (WASREB), IMPACT Report Issue 17, 2025"
Nanyuki,"Large (10,000-35,000 connections)",FY2023/24,hours_of_supply,23,hrs/day,utility,measured,wasreb_impact_17,17,FY2023/24,high,"Water Services Regulatory Board (WASREB), IMPACT Report Issue 17, 2025"
Nanyuki,"Large (10,000-35,000 connections)",FY2023/24,staff_per_1000_connections,4,staff/1000 conns,utility,measured,wasreb_impact_17,17,FY2023/24,low,"Water Services Regulatory Board (WASREB), IMPACT Report Issue 17, 2025"
Nanyuki,"Large (10,000-35,000 connections)",FY2023/24,revenue_collection_eff,97,%,utility,measured,wasreb_impact_17,17,FY2023/24,medium,"Water Services Regulatory Board (WASREB), IMPACT Report Issue 17, 2025"
Nanyuki,"Large (10,000-35,000 connections)",FY2023/24,personnel_exp_share,50,%,utility,measured,wasreb_impact_17,17,FY2023/24,medium,"Water Services Regulatory Board (WASREB), IMPACT Report Issue 17, 2025"
Nanyuki,"Large (10,000-35,000 connections)",FY2023/24,om_cost_coverage,104,%,utility,measured,wasreb_impact_17,17,FY2023/24,medium,"Water Services Regulatory Board (WASREB), IMPACT Report Issue 17, 2025"
Nanyuki,"Large (10,000-35,000 connections)",FY2023/24,metering_ratio,100,%,utility,measured,wasreb_impact_17,17,FY2023/24,high,"Water Services Regulatory Board (WASREB), IMPACT Report Issue 17, 2025"
Murang'a Urban,"Large (10,000-35,000 connections)",FY2023/24,drinking_water_quality,100,%,utility,measured,wasreb_impact_17,17,FY2023/24,high,"Water Services Regulatory Board (WASREB), IMPACT Report Issue 17, 2025"
Murang'a Urban,"Large (10,000-35,000 connections)",FY2023/24,non_revenue_water,31,%,utility,measured,wasreb_impact_17,17,FY2023/24,high,"Water Services Regulatory Board (WASREB), IMPACT Report Issue 17, 2025"
Murang'a Urban,"Large (10,000-35,000 connections)",FY2023/24,water_coverage,96,%,utility,measured,wasreb_impact_17,17,FY2023/24,high,"Water Services Regulatory Board (WASREB), IMPACT Report Issue 17, 2025"
Murang'a Urban,"Large (10,000-35,000 connections)",FY2023/24,hours_of_supply,24,hrs/day,utility,measured,wasreb_impact_17,17,FY2023/24,high,"Water Services Regulatory Board (WASREB), IMPACT Report Issue 17, 2025"
Murang'a Urban,"Large (10,000-35,000 connections)",FY2023/24,staff_per_1000_connections,5,staff/1000 conns,utility,measured,wasreb_impact_17,17,FY2023/24,low,"Water Services Regulatory Board (WASREB), IMPACT Report Issue 17, 2025"
Murang'a Urban,"Large (10,000-35,000 connections)",FY2023/24,revenue_collection_eff,101,%,utility,measured,wasreb_impact_17,17,FY2023/24,medium,"Water Services Regulatory Board (WASREB), IMPACT Report Issue 17, 2025"
Murang'a Urban,"Large (10,000-35,000 connections)",FY2023/24,personnel_exp_share,52,%,utility,measured,wasreb_impact_17,17,FY2023/24,medium,"Water Services Regulatory Board (WASREB), IMPACT Report Issue 17, 2025"
Murang'a Urban,"Large (10,000-35,000 connections)",FY2023/24,om_cost_coverage,123,%,utility,measured,wasreb_impact_17,17,FY2023/24,medium,"Water Services Regulatory Board (WASREB), IMPACT Report Issue 17, 2025"
Murang'a Urban,"Large (10,000-35,000 connections)",FY2023/24,metering_ratio,100,%,utility,measured,wasreb_impact_17,17,FY2023/24,high,"Water Services Regulatory Board (WASREB), IMPACT Report Issue 17, 2025"
Isiolo,"Large (10,000-35,000 connections)",FY2023/24,drinking_water_quality,100,%,utility,measured,wasreb_impact_17,17,FY2023/24,high,"Water Services Regulatory Board (WASREB), IMPACT Report Issue 17, 2025"
Isiolo,"Large (10,000-35,000 connections)",FY2023/24,non_revenue_water,29,%,utility,measured,wasreb_impact_17,17,FY2023/24,high,"Water Services Regulatory Board (WASREB), IMPACT Report Issue 17, 2025"
Isiolo,"Large (10,000-35,000 connections)",FY2023/24,water_coverage,92,%,utility,measured,wasreb_impact_17,17,FY2023/24,high,"Water Services Regulatory Board (WASREB), IMPACT Report Issue 17, 2025"
Isiolo,"Large (10,000-35,000 connections)",FY2023/24,hours_of_supply,20,hrs/day,utility,measured,wasreb_impact_17,17,FY2023/24,high,"Water Services Regulatory Board (WASREB), IMPACT Report Issue 17, 2025"
Isiolo,"Large (10,000-35,000 connections)",FY2023/24,staff_per_1000_connections,4,staff/1000 conns,utility,measured,wasreb_impact_17,17,FY2023/24,low,"Water Services Regulatory Board (WASREB), IMPACT Report Issue 17, 2025"
Isiolo,"Large (10,000-35,000 connections)",FY2023/24,revenue_collection_eff,103,%,utility,measured,wasreb_impact_17,17,FY2023/24,medium,"Water Services Regulatory Board (WASREB), IMPACT Report Issue 17, 2025"
Isiolo,"Large (10,000-35,000 connections)",FY2023/24,personnel_exp_share,53,%,utility,measured,wasreb_impact_17,17,FY2023/24,medium,"Water Services Regulatory Board (WASREB), IMPACT Report Issue 17, 2025"
Isiolo,"Large (10,000-35,000 connections)",FY2023/24,om_cost_coverage,111,%,utility,measured,wasreb_impact_17,17,FY2023/24,medium,"Water Services Regulatory Board (WASREB), IMPACT Report Issue 17, 2025"
Isiolo,"Large (10,000-35,000 connections)",FY2023/24,metering_ratio,100,%,utility,measured,wasreb_impact_17,17,FY2023/24,high,"Water Services Regulatory Board (WASREB), IMPACT Report Issue 17, 2025"
Ngandori Nginda,"Large (10,000-35,000 connections)",FY2023/24,drinking_water_quality,100,%,utility,measured,wasreb_impact_17,17,FY2023/24,high,"Water Services Regulatory Board (WASREB), IMPACT Report Issue 17, 2025"
Ngandori Nginda,"Large (10,000-35,000 connections)",FY2023/24,non_revenue_water,20,%,utility,measured,wasreb_impact_17,17,FY2023/24,high,"Water Services Regulatory Board (WASREB), IMPACT Report Issue 17, 2025"
Ngandori Nginda,"Large (10,000-35,000 connections)",FY2023/24,water_coverage,77,%,utility,measured,wasreb_impact_17,17,FY2023/24,high,"Water Services Regulatory Board (WASREB), IMPACT Report Issue 17, 2025"
Ngandori Nginda,"Large (10,000-35,000 connections)",FY2023/24,hours_of_supply,20,hrs/day,utility,measured,wasreb_impact_17,17,FY2023/24,high,"Water Services Regulatory Board (WASREB), IMPACT Report Issue 17, 2025"
Ngandori Nginda,"Large (10,000-35,000 connections)",FY2023/24,staff_per_1000_connections,7,staff/1000 conns,utility,measured,wasreb_impact_17,17,FY2023/24,low,"Water Services Regulatory Board (WASREB), IMPACT Report Issue 17, 2025"
Ngandori Nginda,"Large (10,000-35,000 connections)",FY2023/24,revenue_collection_eff,104,%,utility,measured,wasreb_impact_17,17,FY2023/24,medium,"Water Services Regulatory Board (WASREB), IMPACT Report Issue 17, 2025"
Ngandori Nginda,"Large (10,000-35,000 connections)",FY2023/24,personnel_exp_share,40,%,utility,measured,wasreb_impact_17,17,FY2023/24,medium,"Water Services Regulatory Board (WASREB), IMPACT Report Issue 17, 2025"
Ngandori Nginda,"Large (10,000-35,000 connections)",FY2023/24,om_cost_coverage,104,%,utility,measured,wasreb_impact_17,17,FY2023/24,medium,"Water Services Regulatory Board (WASREB), IMPACT Report Issue 17, 2025"
Ngandori Nginda,"Large (10,000-35,000 connections)",FY2023/24,metering_ratio,100,%,utility,measured,wasreb_impact_17,17,FY2023/24,high,"Water Services Regulatory Board (WASREB), IMPACT Report Issue 17, 2025"
Meru,"Large (10,000-35,000 connections)",FY2023/24,drinking_water_quality,100,%,utility,measured,wasreb_impact_17,17,FY2023/24,high,"Water Services Regulatory Board (WASREB), IMPACT Report Issue 17, 2025"
Meru,"Large (10,000-35,000 connections)",FY2023/24,non_revenue_water,35,%,utility,measured,wasreb_impact_17,17,FY2023/24,high,"Water Services Regulatory Board (WASREB), IMPACT Report Issue 17, 2025"
Meru,"Large (10,000-35,000 connections)",FY2023/24,water_coverage,93,%,utility,measured,wasreb_impact_17,17,FY2023/24,high,"Water Services Regulatory Board (WASREB), IMPACT Report Issue 17, 2025"
Meru,"Large (10,000-35,000 connections)",FY2023/24,hours_of_supply,22,hrs/day,utility,measured,wasreb_impact_17,17,FY2023/24,high,"Water Services Regulatory Board (WASREB), IMPACT Report Issue 17, 2025"
Meru,"Large (10,000-35,000 connections)",FY2023/24,staff_per_1000_connections,5,staff/1000 conns,utility,measured,wasreb_impact_17,17,FY2023/24,low,"Water Services Regulatory Board (WASREB), IMPACT Report Issue 17, 2025"
Meru,"Large (10,000-35,000 connections)",FY2023/24,revenue_collection_eff,94,%,utility,measured,wasreb_impact_17,17,FY2023/24,medium,"Water Services Regulatory Board (WASREB), IMPACT Report Issue 17, 2025"
Meru,"Large (10,000-35,000 connections)",FY2023/24,personnel_exp_share,52,%,utility,measured,wasreb_impact_17,17,FY2023/24,medium,"Water Services Regulatory Board (WASREB), IMPACT Report Issue 17, 2025"
Meru,"Large (10,000-35,000 connections)",FY2023/24,om_cost_coverage,106,%,utility,measured,wasreb_impact_17,17,FY2023/24,medium,"Water Services Regulatory Board (WASREB), IMPACT Report Issue 17, 2025"
Meru,"Large (10,000-35,000 connections)",FY2023/24,metering_ratio,100,%,utility,measured,wasreb_impact_17,17,FY2023/24,high,"Water Services Regulatory Board (WASREB), IMPACT Report Issue 17, 2025"
Tetu Aberdare,"Large (10,000-35,000 connections)",FY2023/24,drinking_water_quality,93,%,utility,measured,wasreb_impact_17,17,FY2023/24,high,"Water Services Regulatory Board (WASREB), IMPACT Report Issue 17, 2025"
Tetu Aberdare,"Large (10,000-35,000 connections)",FY2023/24,non_revenue_water,31,%,utility,measured,wasreb_impact_17,17,FY2023/24,high,"Water Services Regulatory Board (WASREB), IMPACT Report Issue 17, 2025"
Tetu Aberdare,"Large (10,000-35,000 connections)",FY2023/24,water_coverage,89,%,utility,measured,wasreb_impact_17,17,FY2023/24,high,"Water Services Regulatory Board (WASREB), IMPACT Report Issue 17, 2025"
Tetu Aberdare,"Large (10,000-35,000 connections)",FY2023/24,hours_of_supply,24,hrs/day,utility,measured,wasreb_impact_17,17,FY2023/24,high,"Water Services Regulatory Board (WASREB), IMPACT Report Issue 17, 2025"
Tetu Aberdare,"Large (10,000-35,000 connections)",FY2023/24,staff_per_1000_connections,4,staff/1000 conns,utility,measured,wasreb_impact_17,17,FY2023/24,low,"Water Services Regulatory Board (WASREB), IMPACT Report Issue 17, 2025"
Tetu Aberdare,"Large (10,000-35,000 connections)",FY2023/24,revenue_collection_eff,103,%,utility,measured,wasreb_impact_17,17,FY2023/24,medium,"Water Services Regulatory Board (WASREB), IMPACT Report Issue 17, 2025"
Tetu Aberdare,"Large (10,000-35,000 connections)",FY2023/24,personnel_exp_share,52,%,utility,measured,wasreb_impact_17,17,FY2023/24,medium,"Water Services Regulatory Board (WASREB), IMPACT Report Issue 17, 2025"
Tetu Aberdare,"Large (10,000-35,000 connections)",FY2023/24,om_cost_coverage,103,%,utility,measured,wasreb_impact_17,17,FY2023/24,medium,"Water Services Regulatory Board (WASREB), IMPACT Report Issue 17, 2025"
Tetu Aberdare,"Large (10,000-35,000 connections)",FY2023/24,metering_ratio,100,%,utility,measured,wasreb_impact_17,17,FY2023/24,high,"Water Services Regulatory Board (WASREB), IMPACT Report Issue 17, 2025"
Naivasha,"Large (10,000-35,000 connections)",FY2023/24,drinking_water_quality,93,%,utility,measured,wasreb_impact_17,17,FY2023/24,high,"Water Services Regulatory Board (WASREB), IMPACT Report Issue 17, 2025"
Naivasha,"Large (10,000-35,000 connections)",FY2023/24,non_revenue_water,25,%,utility,measured,wasreb_impact_17,17,FY2023/24,high,"Water Services Regulatory Board (WASREB), IMPACT Report Issue 17, 2025"
Naivasha,"Large (10,000-35,000 connections)",FY2023/24,water_coverage,91,%,utility,measured,wasreb_impact_17,17,FY2023/24,high,"Water Services Regulatory Board (WASREB), IMPACT Report Issue 17, 2025"
Naivasha,"Large (10,000-35,000 connections)",FY2023/24,hours_of_supply,24,hrs/day,utility,measured,wasreb_impact_17,17,FY2023/24,high,"Water Services Regulatory Board (WASREB), IMPACT Report Issue 17, 2025"
Naivasha,"Large (10,000-35,000 connections)",FY2023/24,staff_per_1000_connections,7,staff/1000 conns,utility,measured,wasreb_impact_17,17,FY2023/24,low,"Water Services Regulatory Board (WASREB), IMPACT Report Issue 17, 2025"
Naivasha,"Large (10,000-35,000 connections)",FY2023/24,revenue_collection_eff,96,%,utility,measured,wasreb_impact_17,17,FY2023/24,medium,"Water Services Regulatory Board (WASREB), IMPACT Report Issue 17, 2025"
Naivasha,"Large (10,000-35,000 connections)",FY2023/24,personnel_exp_share,41,%,utility,measured,wasreb_impact_17,17,FY2023/24,medium,"Water Services Regulatory Board (WASREB), IMPACT Report Issue 17, 2025"
Naivasha,"Large (10,000-35,000 connections)",FY2023/24,om_cost_coverage,109,%,utility,measured,wasreb_impact_17,17,FY2023/24,medium,"Water Services Regulatory Board (WASREB), IMPACT Report Issue 17, 2025"
Naivasha,"Large (10,000-35,000 connections)",FY2023/24,metering_ratio,100,%,utility,measured,wasreb_impact_17,17,FY2023/24,high,"Water Services Regulatory Board (WASREB), IMPACT Report Issue 17, 2025"
Ngagaka,"Large (10,000-35,000 connections)",FY2023/24,drinking_water_quality,99,%,utility,measured,wasreb_impact_17,17,FY2023/24,high,"Water Services Regulatory Board (WASREB), IMPACT Report Issue 17, 2025"
Ngagaka,"Large (10,000-35,000 connections)",FY2023/24,non_revenue_water,35,%,utility,measured,wasreb_impact_17,17,FY2023/24,high,"Water Services Regulatory Board (WASREB), IMPACT Report Issue 17, 2025"
Ngagaka,"Large (10,000-35,000 connections)",FY2023/24,water_coverage,73,%,utility,measured,wasreb_impact_17,17,FY2023/24,high,"Water Services Regulatory Board (WASREB), IMPACT Report Issue 17, 2025"
Ngagaka,"Large (10,000-35,000 connections)",FY2023/24,hours_of_supply,24,hrs/day,utility,measured,wasreb_impact_17,17,FY2023/24,high,"Water Services Regulatory Board (WASREB), IMPACT Report Issue 17, 2025"
Ngagaka,"Large (10,000-35,000 connections)",FY2023/24,staff_per_1000_connections,5,staff/1000 conns,utility,measured,wasreb_impact_17,17,FY2023/24,low,"Water Services Regulatory Board (WASREB), IMPACT Report Issue 17, 2025"
Ngagaka,"Large (10,000-35,000 connections)",FY2023/24,revenue_collection_eff,102,%,utility,measured,wasreb_impact_17,17,FY2023/24,medium,"Water Services Regulatory Board (WASREB), IMPACT Report Issue 17, 2025"
Ngagaka,"Large (10,000-35,000 connections)",FY2023/24,personnel_exp_share,54,%,utility,measured,wasreb_impact_17,17,FY2023/24,medium,"Water Services Regulatory Board (WASREB), IMPACT Report Issue 17, 2025"
Ngagaka,"Large (10,000-35,000 connections)",FY2023/24,om_cost_coverage,101,%,utility,measured,wasreb_impact_17,17,FY2023/24,medium,"Water Services Regulatory Board (WASREB), IMPACT Report Issue 17, 2025"
Ngagaka,"Large (10,000-35,000 connections)",FY2023/24,metering_ratio,100,%,utility,measured,wasreb_impact_17,17,FY2023/24,high,"Water Services Regulatory Board (WASREB), IMPACT Report Issue 17, 2025"
Kiambu,"Large (10,000-35,000 connections)",FY2023/24,drinking_water_quality,98,%,utility,measured,wasreb_impact_17,17,FY2023/24,high,"Water Services Regulatory Board (WASREB), IMPACT Report Issue 17, 2025"
Kiambu,"Large (10,000-35,000 connections)",FY2023/24,non_revenue_water,32,%,utility,measured,wasreb_impact_17,17,FY2023/24,high,"Water Services Regulatory Board (WASREB), IMPACT Report Issue 17, 2025"
Kiambu,"Large (10,000-35,000 connections)",FY2023/24,water_coverage,82,%,utility,measured,wasreb_impact_17,17,FY2023/24,high,"Water Services Regulatory Board (WASREB), IMPACT Report Issue 17, 2025"
Kiambu,"Large (10,000-35,000 connections)",FY2023/24,hours_of_supply,21,hrs/day,utility,measured,wasreb_impact_17,17,FY2023/24,high,"Water Services Regulatory Board (WASREB), IMPACT Report Issue 17, 2025"
Kiambu,"Large (10,000-35,000 connections)",FY2023/24,staff_per_1000_connections,6,staff/1000 conns,utility,measured,wasreb_impact_17,17,FY2023/24,low,"Water Services Regulatory Board (WASREB), IMPACT Report Issue 17, 2025"
Kiambu,"Large (10,000-35,000 connections)",FY2023/24,revenue_collection_eff,93,%,utility,measured,wasreb_impact_17,17,FY2023/24,medium,"Water Services Regulatory Board (WASREB), IMPACT Report Issue 17, 2025"
Kiambu,"Large (10,000-35,000 connections)",FY2023/24,personnel_exp_share,34,%,utility,measured,wasreb_impact_17,17,FY2023/24,medium,"Water Services Regulatory Board (WASREB), IMPACT Report Issue 17, 2025"
Kiambu,"Large (10,000-35,000 connections)",FY2023/24,om_cost_coverage,101,%,utility,measured,wasreb_impact_17,17,FY2023/24,medium,"Water Services Regulatory Board (WASREB), IMPACT Report Issue 17, 2025"
Kiambu,"Large (10,000-35,000 connections)",FY2023/24,metering_ratio,100,%,utility,measured,wasreb_impact_17,17,FY2023/24,high,"Water Services Regulatory Board (WASREB), IMPACT Report Issue 17, 2025"
Nyahururu,"Large (10,000-35,000 connections)",FY2023/24,drinking_water_quality,100,%,utility,measured,wasreb_impact_17,17,FY2023/24,high,"Water Services Regulatory Board (WASREB), IMPACT Report Issue 17, 2025"
Nyahururu,"Large (10,000-35,000 connections)",FY2023/24,non_revenue_water,39,%,utility,measured,wasreb_impact_17,17,FY2023/24,high,"Water Services Regulatory Board (WASREB), IMPACT Report Issue 17, 2025"
Nyahururu,"Large (10,000-35,000 connections)",FY2023/24,water_coverage,91,%,utility,measured,wasreb_impact_17,17,FY2023/24,high,"Water Services Regulatory Board (WASREB), IMPACT Report Issue 17, 2025"
Nyahururu,"Large (10,000-35,000 connections)",FY2023/24,hours_of_supply,23,hrs/day,utility,measured,wasreb_impact_17,17,FY2023/24,high,"Water Services Regulatory Board (WASREB), IMPACT Report Issue 17, 2025"
Nyahururu,"Large (10,000-35,000 connections)",FY2023/24,staff_per_1000_connections,6,staff/1000 conns,utility,measured,wasreb_impact_17,17,FY2023/24,low,"Water Services Regulatory Board (WASREB), IMPACT Report Issue 17, 2025"
Nyahururu,"Large (10,000-35,000 connections)",FY2023/24,revenue_collection_eff,102,%,utility,measured,wasreb_impact_17,17,FY2023/24,medium,"Water Services Regulatory Board (WASREB), IMPACT Report Issue 17, 2025"
Nyahururu,"Large (10,000-35,000 connections)",FY2023/24,personnel_exp_share,51,%,utility,measured,wasreb_impact_17,17,FY2023/24,medium,"Water Services Regulatory Board (WASREB), IMPACT Report Issue 17, 2025"
Nyahururu,"Large (10,000-35,000 connections)",FY2023/24,om_cost_coverage,103,%,utility,measured,wasreb_impact_17,17,FY2023/24,medium,"Water Services Regulatory Board (WASREB), IMPACT Report Issue 17, 2025"
Nyahururu,"Large (10,000-35,000 connections)",FY2023/24,metering_ratio,100,%,utility,measured,wasreb_impact_17,17,FY2023/24,high,"Water Services Regulatory Board (WASREB), IMPACT Report Issue 17, 2025"
Nakuru Rural,"Large (10,000-35,000 connections)",FY2023/24,drinking_water_quality,100,%,utility,measured,wasreb_impact_17,17,FY2023/24,high,"Water Services Regulatory Board (WASREB), IMPACT Report Issue 17, 2025"
Nakuru Rural,"Large (10,000-35,000 connections)",FY2023/24,non_revenue_water,46,%,utility,measured,wasreb_impact_17,17,FY2023/24,high,"Water Services Regulatory Board (WASREB), IMPACT Report Issue 17, 2025"
Nakuru Rural,"Large (10,000-35,000 connections)",FY2023/24,water_coverage,52,%,utility,measured,wasreb_impact_17,17,FY2023/24,high,"Water Services Regulatory Board (WASREB), IMPACT Report Issue 17, 2025"
Nakuru Rural,"Large (10,000-35,000 connections)",FY2023/24,hours_of_supply,23,hrs/day,utility,measured,wasreb_impact_17,17,FY2023/24,high,"Water Services Regulatory Board (WASREB), IMPACT Report Issue 17, 2025"
Nakuru Rural,"Large (10,000-35,000 connections)",FY2023/24,staff_per_1000_connections,5,staff/1000 conns,utility,measured,wasreb_impact_17,17,FY2023/24,low,"Water Services Regulatory Board (WASREB), IMPACT Report Issue 17, 2025"
Nakuru Rural,"Large (10,000-35,000 connections)",FY2023/24,revenue_collection_eff,98,%,utility,measured,wasreb_impact_17,17,FY2023/24,medium,"Water Services Regulatory Board (WASREB), IMPACT Report Issue 17, 2025"
Nakuru Rural,"Large (10,000-35,000 connections)",FY2023/24,personnel_exp_share,50,%,utility,measured,wasreb_impact_17,17,FY2023/24,medium,"Water Services Regulatory Board (WASREB), IMPACT Report Issue 17, 2025"
Nakuru Rural,"Large (10,000-35,000 connections)",FY2023/24,om_cost_coverage,89,%,utility,measured,wasreb_impact_17,17,FY2023/24,medium,"Water Services Regulatory Board (WASREB), IMPACT Report Issue 17, 2025"
Nakuru Rural,"Large (10,000-35,000 connections)",FY2023/24,metering_ratio,100,%,utility,measured,wasreb_impact_17,17,FY2023/24,high,"Water Services Regulatory Board (WASREB), IMPACT Report Issue 17, 2025"
Murang'a West,"Large (10,000-35,000 connections)",FY2023/24,drinking_water_quality,100,%,utility,measured,wasreb_impact_17,17,FY2023/24,high,"Water Services Regulatory Board (WASREB), IMPACT Report Issue 17, 2025"
Murang'a West,"Large (10,000-35,000 connections)",FY2023/24,non_revenue_water,36,%,utility,measured,wasreb_impact_17,17,FY2023/24,high,"Water Services Regulatory Board (WASREB), IMPACT Report Issue 17, 2025"
Murang'a West,"Large (10,000-35,000 connections)",FY2023/24,water_coverage,64,%,utility,measured,wasreb_impact_17,17,FY2023/24,high,"Water Services Regulatory Board (WASREB), IMPACT Report Issue 17, 2025"
Murang'a West,"Large (10,000-35,000 connections)",FY2023/24,hours_of_supply,24,hrs/day,utility,measured,wasreb_impact_17,17,FY2023/24,high,"Water Services Regulatory Board (WASREB), IMPACT Report Issue 17, 2025"
Murang'a West,"Large (10,000-35,000 connections)",FY2023/24,staff_per_1000_connections,4,staff/1000 conns,utility,measured,wasreb_impact_17,17,FY2023/24,low,"Water Services Regulatory Board (WASREB), IMPACT Report Issue 17, 2025"
Murang'a West,"Large (10,000-35,000 connections)",FY2023/24,revenue_collection_eff,84,%,utility,measured,wasreb_impact_17,17,FY2023/24,medium,"Water Services Regulatory Board (WASREB), IMPACT Report Issue 17, 2025"
Murang'a West,"Large (10,000-35,000 connections)",FY2023/24,personnel_exp_share,42,%,utility,measured,wasreb_impact_17,17,FY2023/24,medium,"Water Services Regulatory Board (WASREB), IMPACT Report Issue 17, 2025"
Murang'a West,"Large (10,000-35,000 connections)",FY2023/24,om_cost_coverage,113,%,utility,measured,wasreb_impact_17,17,FY2023/24,medium,"Water Services Regulatory Board (WASREB), IMPACT Report Issue 17, 2025"
Murang'a West,"Large (10,000-35,000 connections)",FY2023/24,metering_ratio,100,%,utility,measured,wasreb_impact_17,17,FY2023/24,high,"Water Services Regulatory Board (WASREB), IMPACT Report Issue 17, 2025"
Mathira,"Large (10,000-35,000 connections)",FY2023/24,drinking_water_quality,98,%,utility,measured,wasreb_impact_17,17,FY2023/24,high,"Water Services Regulatory Board (WASREB), IMPACT Report Issue 17, 2025"
Mathira,"Large (10,000-35,000 connections)",FY2023/24,non_revenue_water,49,%,utility,measured,wasreb_impact_17,17,FY2023/24,high,"Water Services Regulatory Board (WASREB), IMPACT Report Issue 17, 2025"
Mathira,"Large (10,000-35,000 connections)",FY2023/24,water_coverage,77,%,utility,measured,wasreb_impact_17,17,FY2023/24,high,"Water Services Regulatory Board (WASREB), IMPACT Report Issue 17, 2025"
Mathira,"Large (10,000-35,000 connections)",FY2023/24,hours_of_supply,16,hrs/day,utility,measured,wasreb_impact_17,17,FY2023/24,high,"Water Services Regulatory Board (WASREB), IMPACT Report Issue 17, 2025"
Mathira,"Large (10,000-35,000 connections)",FY2023/24,staff_per_1000_connections,10,staff/1000 conns,utility,measured,wasreb_impact_17,17,FY2023/24,low,"Water Services Regulatory Board (WASREB), IMPACT Report Issue 17, 2025"
Mathira,"Large (10,000-35,000 connections)",FY2023/24,revenue_collection_eff,108,%,utility,measured,wasreb_impact_17,17,FY2023/24,medium,"Water Services Regulatory Board (WASREB), IMPACT Report Issue 17, 2025"
Mathira,"Large (10,000-35,000 connections)",FY2023/24,personnel_exp_share,27,%,utility,measured,wasreb_impact_17,17,FY2023/24,medium,"Water Services Regulatory Board (WASREB), IMPACT Report Issue 17, 2025"
Mathira,"Large (10,000-35,000 connections)",FY2023/24,om_cost_coverage,119,%,utility,measured,wasreb_impact_17,17,FY2023/24,medium,"Water Services Regulatory Board (WASREB), IMPACT Report Issue 17, 2025"
Mathira,"Large (10,000-35,000 connections)",FY2023/24,metering_ratio,100,%,utility,measured,wasreb_impact_17,17,FY2023/24,high,"Water Services Regulatory Board (WASREB), IMPACT Report Issue 17, 2025"
Kitui,"Large (10,000-35,000 connections)",FY2023/24,drinking_water_quality,93,%,utility,measured,wasreb_impact_17,17,FY2023/24,high,"Water Services Regulatory Board (WASREB), IMPACT Report Issue 17, 2025"
Kitui,"Large (10,000-35,000 connections)",FY2023/24,non_revenue_water,33,%,utility,measured,wasreb_impact_17,17,FY2023/24,high,"Water Services Regulatory Board (WASREB), IMPACT Report Issue 17, 2025"
Kitui,"Large (10,000-35,000 connections)",FY2023/24,water_coverage,80,%,utility,measured,wasreb_impact_17,17,FY2023/24,high,"Water Services Regulatory Board (WASREB), IMPACT Report Issue 17, 2025"
Kitui,"Large (10,000-35,000 connections)",FY2023/24,hours_of_supply,17,hrs/day,utility,measured,wasreb_impact_17,17,FY2023/24,high,"Water Services Regulatory Board (WASREB), IMPACT Report Issue 17, 2025"
Kitui,"Large (10,000-35,000 connections)",FY2023/24,staff_per_1000_connections,7,staff/1000 conns,utility,measured,wasreb_impact_17,17,FY2023/24,low,"Water Services Regulatory Board (WASREB), IMPACT Report Issue 17, 2025"
Kitui,"Large (10,000-35,000 connections)",FY2023/24,revenue_collection_eff,101,%,utility,measured,wasreb_impact_17,17,FY2023/24,medium,"Water Services Regulatory Board (WASREB), IMPACT Report Issue 17, 2025"
Kitui,"Large (10,000-35,000 connections)",FY2023/24,personnel_exp_share,37,%,utility,measured,wasreb_impact_17,17,FY2023/24,medium,"Water Services Regulatory Board (WASREB), IMPACT Report Issue 17, 2025"
Kitui,"Large (10,000-35,000 connections)",FY2023/24,om_cost_coverage,52,%,utility,measured,wasreb_impact_17,17,FY2023/24,medium,"Water Services Regulatory Board (WASREB), IMPACT Report Issue 17, 2025"
Kitui,"Large (10,000-35,000 connections)",FY2023/24,metering_ratio,100,%,utility,measured,wasreb_impact_17,17,FY2023/24,high,"Water Services Regulatory Board (WASREB), IMPACT Report Issue 17, 2025"
Limuru,"Large (10,000-35,000 connections)",FY2023/24,drinking_water_quality,99,%,utility,measured,wasreb_impact_17,17,FY2023/24,high,"Water Services Regulatory Board (WASREB), IMPACT Report Issue 17, 2025"
Limuru,"Large (10,000-35,000 connections)",FY2023/24,non_revenue_water,59,%,utility,measured,wasreb_impact_17,17,FY2023/24,high,"Water Services Regulatory Board (WASREB), IMPACT Report Issue 17, 2025"
Limuru,"Large (10,000-35,000 connections)",FY2023/24,water_coverage,79,%,utility,measured,wasreb_impact_17,17,FY2023/24,high,"Water Services Regulatory Board (WASREB), IMPACT Report Issue 17, 2025"
Limuru,"Large (10,000-35,000 connections)",FY2023/24,hours_of_supply,23,hrs/day,utility,measured,wasreb_impact_17,17,FY2023/24,high,"Water Services Regulatory Board (WASREB), IMPACT Report Issue 17, 2025"
Limuru,"Large (10,000-35,000 connections)",FY2023/24,staff_per_1000_connections,6,staff/1000 conns,utility,measured,wasreb_impact_17,17,FY2023/24,low,"Water Services Regulatory Board (WASREB), IMPACT Report Issue 17, 2025"
Limuru,"Large (10,000-35,000 connections)",FY2023/24,revenue_collection_eff,100,%,utility,measured,wasreb_impact_17,17,FY2023/24,medium,"Water Services Regulatory Board (WASREB), IMPACT Report Issue 17, 2025"
Limuru,"Large (10,000-35,000 connections)",FY2023/24,personnel_exp_share,62,%,utility,measured,wasreb_impact_17,17,FY2023/24,medium,"Water Services Regulatory Board (WASREB), IMPACT Report Issue 17, 2025"
Limuru,"Large (10,000-35,000 connections)",FY2023/24,om_cost_coverage,90,%,utility,measured,wasreb_impact_17,17,FY2023/24,medium,"Water Services Regulatory Board (WASREB), IMPACT Report Issue 17, 2025"
Limuru,"Large (10,000-35,000 connections)",FY2023/24,metering_ratio,55,%,utility,measured,wasreb_impact_17,17,FY2023/24,high,"Water Services Regulatory Board (WASREB), IMPACT Report Issue 17, 2025"
Gatamathi,"Large (10,000-35,000 connections)",FY2023/24,drinking_water_quality,100,%,utility,measured,wasreb_impact_17,17,FY2023/24,high,"Water Services Regulatory Board (WASREB), IMPACT Report Issue 17, 2025"
Gatamathi,"Large (10,000-35,000 connections)",FY2023/24,non_revenue_water,56,%,utility,measured,wasreb_impact_17,17,FY2023/24,high,"Water Services Regulatory Board (WASREB), IMPACT Report Issue 17, 2025"
Gatamathi,"Large (10,000-35,000 connections)",FY2023/24,water_coverage,58,%,utility,measured,wasreb_impact_17,17,FY2023/24,high,"Water Services Regulatory Board (WASREB), IMPACT Report Issue 17, 2025"
Gatamathi,"Large (10,000-35,000 connections)",FY2023/24,hours_of_supply,19,hrs/day,utility,measured,wasreb_impact_17,17,FY2023/24,high,"Water Services Regulatory Board (WASREB), IMPACT Report Issue 17, 2025"
Gatamathi,"Large (10,000-35,000 connections)",FY2023/24,staff_per_1000_connections,6,staff/1000 conns,utility,measured,wasreb_impact_17,17,FY2023/24,low,"Water Services Regulatory Board (WASREB), IMPACT Report Issue 17, 2025"
Gatamathi,"Large (10,000-35,000 connections)",FY2023/24,revenue_collection_eff,102,%,utility,measured,wasreb_impact_17,17,FY2023/24,medium,"Water Services Regulatory Board (WASREB), IMPACT Report Issue 17, 2025"
Gatamathi,"Large (10,000-35,000 connections)",FY2023/24,personnel_exp_share,44,%,utility,measured,wasreb_impact_17,17,FY2023/24,medium,"Water Services Regulatory Board (WASREB), IMPACT Report Issue 17, 2025"
Gatamathi,"Large (10,000-35,000 connections)",FY2023/24,om_cost_coverage,96,%,utility,measured,wasreb_impact_17,17,FY2023/24,medium,"Water Services Regulatory Board (WASREB), IMPACT Report Issue 17, 2025"
Gatamathi,"Large (10,000-35,000 connections)",FY2023/24,metering_ratio,100,%,utility,measured,wasreb_impact_17,17,FY2023/24,high,"Water Services Regulatory Board (WASREB), IMPACT Report Issue 17, 2025"
Nithi,"Large (10,000-35,000 connections)",FY2023/24,drinking_water_quality,99,%,utility,measured,wasreb_impact_17,17,FY2023/24,high,"Water Services Regulatory Board (WASREB), IMPACT Report Issue 17, 2025"
Nithi,"Large (10,000-35,000 connections)",FY2023/24,non_revenue_water,64,%,utility,measured,wasreb_impact_17,17,FY2023/24,high,"Water Services Regulatory Board (WASREB), IMPACT Report Issue 17, 2025"
Nithi,"Large (10,000-35,000 connections)",FY2023/24,water_coverage,48,%,utility,measured,wasreb_impact_17,17,FY2023/24,high,"Water Services Regulatory Board (WASREB), IMPACT Report Issue 17, 2025"
Nithi,"Large (10,000-35,000 connections)",FY2023/24,hours_of_supply,21,hrs/day,utility,measured,wasreb_impact_17,17,FY2023/24,high,"Water Services Regulatory Board (WASREB), IMPACT Report Issue 17, 2025"
Nithi,"Large (10,000-35,000 connections)",FY2023/24,staff_per_1000_connections,5,staff/1000 conns,utility,measured,wasreb_impact_17,17,FY2023/24,low,"Water Services Regulatory Board (WASREB), IMPACT Report Issue 17, 2025"
Nithi,"Large (10,000-35,000 connections)",FY2023/24,revenue_collection_eff,96,%,utility,measured,wasreb_impact_17,17,FY2023/24,medium,"Water Services Regulatory Board (WASREB), IMPACT Report Issue 17, 2025"
Nithi,"Large (10,000-35,000 connections)",FY2023/24,personnel_exp_share,35,%,utility,measured,wasreb_impact_17,17,FY2023/24,medium,"Water Services Regulatory Board (WASREB), IMPACT Report Issue 17, 2025"
Nithi,"Large (10,000-35,000 connections)",FY2023/24,om_cost_coverage,92,%,utility,measured,wasreb_impact_17,17,FY2023/24,medium,"Water Services Regulatory Board (WASREB), IMPACT Report Issue 17, 2025"
Nithi,"Large (10,000-35,000 connections)",FY2023/24,metering_ratio,98,%,utility,measured,wasreb_impact_17,17,FY2023/24,high,"Water Services Regulatory Board (WASREB), IMPACT Report Issue 17, 2025"
Gusii,"Large (10,000-35,000 connections)",FY2023/24,drinking_water_quality,98,%,utility,measured,wasreb_impact_17,17,FY2023/24,high,"Water Services Regulatory Board (WASREB), IMPACT Report Issue 17, 2025"
Gusii,"Large (10,000-35,000 connections)",FY2023/24,non_revenue_water,50,%,utility,measured,wasreb_impact_17,17,FY2023/24,high,"Water Services Regulatory Board (WASREB), IMPACT Report Issue 17, 2025"
Gusii,"Large (10,000-35,000 connections)",FY2023/24,water_coverage,37,%,utility,measured,wasreb_impact_17,17,FY2023/24,high,"Water Services Regulatory Board (WASREB), IMPACT Report Issue 17, 2025"
Gusii,"Large (10,000-35,000 connections)",FY2023/24,hours_of_supply,17,hrs/day,utility,measured,wasreb_impact_17,17,FY2023/24,high,"Water Services Regulatory Board (WASREB), IMPACT Report Issue 17, 2025"
Gusii,"Large (10,000-35,000 connections)",FY2023/24,staff_per_1000_connections,10,staff/1000 conns,utility,measured,wasreb_impact_17,17,FY2023/24,low,"Water Services Regulatory Board (WASREB), IMPACT Report Issue 17, 2025"
Gusii,"Large (10,000-35,000 connections)",FY2023/24,revenue_collection_eff,110,%,utility,measured,wasreb_impact_17,17,FY2023/24,medium,"Water Services Regulatory Board (WASREB), IMPACT Report Issue 17, 2025"
Gusii,"Large (10,000-35,000 connections)",FY2023/24,personnel_exp_share,24,%,utility,measured,wasreb_impact_17,17,FY2023/24,medium,"Water Services Regulatory Board (WASREB), IMPACT Report Issue 17, 2025"
Gusii,"Large (10,000-35,000 connections)",FY2023/24,om_cost_coverage,81,%,utility,measured,wasreb_impact_17,17,FY2023/24,medium,"Water Services Regulatory Board (WASREB), IMPACT Report Issue 17, 2025"
Gusii,"Large (10,000-35,000 connections)",FY2023/24,metering_ratio,100,%,utility,measured,wasreb_impact_17,17,FY2023/24,high,"Water Services Regulatory Board (WASREB), IMPACT Report Issue 17, 2025"
Kwale,"Large (10,000-35,000 connections)",FY2023/24,drinking_water_quality,96,%,utility,measured,wasreb_impact_17,17,FY2023/24,high,"Water Services Regulatory Board (WASREB), IMPACT Report Issue 17, 2025"
Kwale,"Large (10,000-35,000 connections)",FY2023/24,non_revenue_water,63,%,utility,measured,wasreb_impact_17,17,FY2023/24,high,"Water Services Regulatory Board (WASREB), IMPACT Report Issue 17, 2025"
Kwale,"Large (10,000-35,000 connections)",FY2023/24,water_coverage,22,%,utility,measured,wasreb_impact_17,17,FY2023/24,high,"Water Services Regulatory Board (WASREB), IMPACT Report Issue 17, 2025"
Kwale,"Large (10,000-35,000 connections)",FY2023/24,hours_of_supply,16,hrs/day,utility,measured,wasreb_impact_17,17,FY2023/24,high,"Water Services Regulatory Board (WASREB), IMPACT Report Issue 17, 2025"
Kwale,"Large (10,000-35,000 connections)",FY2023/24,staff_per_1000_connections,5,staff/1000 conns,utility,measured,wasreb_impact_17,17,FY2023/24,low,"Water Services Regulatory Board (WASREB), IMPACT Report Issue 17, 2025"
Kwale,"Large (10,000-35,000 connections)",FY2023/24,revenue_collection_eff,75,%,utility,measured,wasreb_impact_17,17,FY2023/24,medium,"Water Services Regulatory Board (WASREB), IMPACT Report Issue 17, 2025"
Kwale,"Large (10,000-35,000 connections)",FY2023/24,personnel_exp_share,30,%,utility,measured,wasreb_impact_17,17,FY2023/24,medium,"Water Services Regulatory Board (WASREB), IMPACT Report Issue 17, 2025"
Kwale,"Large (10,000-35,000 connections)",FY2023/24,om_cost_coverage,72,%,utility,measured,wasreb_impact_17,17,FY2023/24,medium,"Water Services Regulatory Board (WASREB), IMPACT Report Issue 17, 2025"
Kwale,"Large (10,000-35,000 connections)",FY2023/24,metering_ratio,100,%,utility,measured,wasreb_impact_17,17,FY2023/24,high,"Water Services Regulatory Board (WASREB), IMPACT Report Issue 17, 2025"
Githunguri,"Large (10,000-35,000 connections)",FY2023/24,drinking_water_quality,93,%,utility,measured,wasreb_impact_17,17,FY2023/24,high,"Water Services Regulatory Board (WASREB), IMPACT Report Issue 17, 2025"
Githunguri,"Large (10,000-35,000 connections)",FY2023/24,non_revenue_water,36,%,utility,measured,wasreb_impact_17,17,FY2023/24,high,"Water Services Regulatory Board (WASREB), IMPACT Report Issue 17, 2025"
Githunguri,"Large (10,000-35,000 connections)",FY2023/24,water_coverage,84,%,utility,measured,wasreb_impact_17,17,FY2023/24,high,"Water Services Regulatory Board (WASREB), IMPACT Report Issue 17, 2025"
Githunguri,"Large (10,000-35,000 connections)",FY2023/24,hours_of_supply,20,hrs/day,utility,measured,wasreb_impact_17,17,FY2023/24,high,"Water Services Regulatory Board (WASREB), IMPACT Report Issue 17, 2025"
Githunguri,"Large (10,000-35,000 connections)",FY2023/24,staff_per_1000_connections,16,staff/1000 conns,utility,measured,wasreb_impact_17,17,FY2023/24,low,"Water Services Regulatory Board (WASREB), IMPACT Report Issue 17, 2025"
Githunguri,"Large (10,000-35,000 connections)",FY2023/24,revenue_collection_eff,103,%,utility,measured,wasreb_impact_17,17,FY2023/24,medium,"Water Services Regulatory Board (WASREB), IMPACT Report Issue 17, 2025"
Githunguri,"Large (10,000-35,000 connections)",FY2023/24,personnel_exp_share,43,%,utility,measured,wasreb_impact_17,17,FY2023/24,medium,"Water Services Regulatory Board (WASREB), IMPACT Report Issue 17, 2025"
Githunguri,"Large (10,000-35,000 connections)",FY2023/24,om_cost_coverage,68,%,utility,measured,wasreb_impact_17,17,FY2023/24,medium,"Water Services Regulatory Board (WASREB), IMPACT Report Issue 17, 2025"
Githunguri,"Large (10,000-35,000 connections)",FY2023/24,metering_ratio,81,%,utility,measured,wasreb_impact_17,17,FY2023/24,high,"Water Services Regulatory Board (WASREB), IMPACT Report Issue 17, 2025"
Meru Rural,"Large (10,000-35,000 connections)",FY2023/24,drinking_water_quality,99,%,utility,measured,wasreb_impact_17,17,FY2023/24,high,"Water Services Regulatory Board (WASREB), IMPACT Report Issue 17, 2025"
Meru Rural,"Large (10,000-35,000 connections)",FY2023/24,non_revenue_water,33,%,utility,measured,wasreb_impact_17,17,FY2023/24,high,"Water Services Regulatory Board (WASREB), IMPACT Report Issue 17, 2025"
Meru Rural,"Large (10,000-35,000 connections)",FY2023/24,water_coverage,33,%,utility,measured,wasreb_impact_17,17,FY2023/24,high,"Water Services Regulatory Board (WASREB), IMPACT Report Issue 17, 2025"
Meru Rural,"Large (10,000-35,000 connections)",FY2023/24,hours_of_supply,20,hrs/day,utility,measured,wasreb_impact_17,17,FY2023/24,high,"Water Services Regulatory Board (WASREB), IMPACT Report Issue 17, 2025"
Meru Rural,"Large (10,000-35,000 connections)",FY2023/24,staff_per_1000_connections,8,staff/1000 conns,utility,measured,wasreb_impact_17,17,FY2023/24,low,"Water Services Regulatory Board (WASREB), IMPACT Report Issue 17, 2025"
Meru Rural,"Large (10,000-35,000 connections)",FY2023/24,revenue_collection_eff,103,%,utility,measured,wasreb_impact_17,17,FY2023/24,medium,"Water Services Regulatory Board (WASREB), IMPACT Report Issue 17, 2025"
Meru Rural,"Large (10,000-35,000 connections)",FY2023/24,personnel_exp_share,58,%,utility,measured,wasreb_impact_17,17,FY2023/24,medium,"Water Services Regulatory Board (WASREB), IMPACT Report Issue 17, 2025"
Meru Rural,"Large (10,000-35,000 connections)",FY2023/24,om_cost_coverage,90,%,utility,measured,wasreb_impact_17,17,FY2023/24,medium,"Water Services Regulatory Board (WASREB), IMPACT Report Issue 17, 2025"
Meru Rural,"Large (10,000-35,000 connections)",FY2023/24,metering_ratio,92,%,utility,measured,wasreb_impact_17,17,FY2023/24,high,"Water Services Regulatory Board (WASREB), IMPACT Report Issue 17, 2025"
Gatanga,"Large (10,000-35,000 connections)",FY2023/24,drinking_water_quality,93,%,utility,measured,wasreb_impact_17,17,FY2023/24,high,"Water Services Regulatory Board (WASREB), IMPACT Report Issue 17, 2025"
Gatanga,"Large (10,000-35,000 connections)",FY2023/24,non_revenue_water,37,%,utility,measured,wasreb_impact_17,17,FY2023/24,high,"Water Services Regulatory Board (WASREB), IMPACT Report Issue 17, 2025"
Gatanga,"Large (10,000-35,000 connections)",FY2023/24,water_coverage,59,%,utility,measured,wasreb_impact_17,17,FY2023/24,high,"Water Services Regulatory Board (WASREB), IMPACT Report Issue 17, 2025"
Gatanga,"Large (10,000-35,000 connections)",FY2023/24,hours_of_supply,9,hrs/day,utility,measured,wasreb_impact_17,17,FY2023/24,high,"Water Services Regulatory Board (WASREB), IMPACT Report Issue 17, 2025"
Gatanga,"Large (10,000-35,000 connections)",FY2023/24,staff_per_1000_connections,9,staff/1000 conns,utility,measured,wasreb_impact_17,17,FY2023/24,low,"Water Services Regulatory Board (WASREB), IMPACT Report Issue 17, 2025"
Gatanga,"Large (10,000-35,000 connections)",FY2023/24,revenue_collection_eff,92,%,utility,measured,wasreb_impact_17,17,FY2023/24,medium,"Water Services Regulatory Board (WASREB), IMPACT Report Issue 17, 2025"
Gatanga,"Large (10,000-35,000 connections)",FY2023/24,personnel_exp_share,30,%,utility,measured,wasreb_impact_17,17,FY2023/24,medium,"Water Services Regulatory Board (WASREB), IMPACT Report Issue 17, 2025"
Gatanga,"Large (10,000-35,000 connections)",FY2023/24,om_cost_coverage,89,%,utility,measured,wasreb_impact_17,17,FY2023/24,medium,"Water Services Regulatory Board (WASREB), IMPACT Report Issue 17, 2025"
Gatanga,"Large (10,000-35,000 connections)",FY2023/24,metering_ratio,100,%,utility,measured,wasreb_impact_17,17,FY2023/24,high,"Water Services Regulatory Board (WASREB), IMPACT Report Issue 17, 2025"
Kiambere Mwingi,"Large (10,000-35,000 connections)",FY2023/24,drinking_water_quality,100,%,utility,measured,wasreb_impact_17,17,FY2023/24,high,"Water Services Regulatory Board (WASREB), IMPACT Report Issue 17, 2025"
Kiambere Mwingi,"Large (10,000-35,000 connections)",FY2023/24,non_revenue_water,43,%,utility,measured,wasreb_impact_17,17,FY2023/24,high,"Water Services Regulatory Board (WASREB), IMPACT Report Issue 17, 2025"
Kiambere Mwingi,"Large (10,000-35,000 connections)",FY2023/24,water_coverage,63,%,utility,measured,wasreb_impact_17,17,FY2023/24,high,"Water Services Regulatory Board (WASREB), IMPACT Report Issue 17, 2025"
Kiambere Mwingi,"Large (10,000-35,000 connections)",FY2023/24,hours_of_supply,20,hrs/day,utility,measured,wasreb_impact_17,17,FY2023/24,high,"Water Services Regulatory Board (WASREB), IMPACT Report Issue 17, 2025"
Kiambere Mwingi,"Large (10,000-35,000 connections)",FY2023/24,staff_per_1000_connections,12,staff/1000 conns,utility,measured,wasreb_impact_17,17,FY2023/24,low,"Water Services Regulatory Board (WASREB), IMPACT Report Issue 17, 2025"
Kiambere Mwingi,"Large (10,000-35,000 connections)",FY2023/24,revenue_collection_eff,88,%,utility,measured,wasreb_impact_17,17,FY2023/24,medium,"Water Services Regulatory Board (WASREB), IMPACT Report Issue 17, 2025"
Kiambere Mwingi,"Large (10,000-35,000 connections)",FY2023/24,personnel_exp_share,31,%,utility,measured,wasreb_impact_17,17,FY2023/24,medium,"Water Services Regulatory Board (WASREB), IMPACT Report Issue 17, 2025"
Kiambere Mwingi,"Large (10,000-35,000 connections)",FY2023/24,om_cost_coverage,54,%,utility,measured,wasreb_impact_17,17,FY2023/24,medium,"Water Services Regulatory Board (WASREB), IMPACT Report Issue 17, 2025"
Kiambere Mwingi,"Large (10,000-35,000 connections)",FY2023/24,metering_ratio,100,%,utility,measured,wasreb_impact_17,17,FY2023/24,high,"Water Services Regulatory Board (WASREB), IMPACT Report Issue 17, 2025"
Homa Bay,"Large (10,000-35,000 connections)",FY2023/24,drinking_water_quality,100,%,utility,measured,wasreb_impact_17,17,FY2023/24,high,"Water Services Regulatory Board (WASREB), IMPACT Report Issue 17, 2025"
Homa Bay,"Large (10,000-35,000 connections)",FY2023/24,non_revenue_water,27,%,utility,measured,wasreb_impact_17,17,FY2023/24,high,"Water Services Regulatory Board (WASREB), IMPACT Report Issue 17, 2025"
Homa Bay,"Large (10,000-35,000 connections)",FY2023/24,hours_of_supply,10,hrs/day,utility,measured,wasreb_impact_17,17,FY2023/24,high,"Water Services Regulatory Board (WASREB), IMPACT Report Issue 17, 2025"
Homa Bay,"Large (10,000-35,000 connections)",FY2023/24,staff_per_1000_connections,9,staff/1000 conns,utility,measured,wasreb_impact_17,17,FY2023/24,low,"Water Services Regulatory Board (WASREB), IMPACT Report Issue 17, 2025"
Homa Bay,"Large (10,000-35,000 connections)",FY2023/24,revenue_collection_eff,89,%,utility,measured,wasreb_impact_17,17,FY2023/24,medium,"Water Services Regulatory Board (WASREB), IMPACT Report Issue 17, 2025"
Homa Bay,"Large (10,000-35,000 connections)",FY2023/24,personnel_exp_share,48,%,utility,measured,wasreb_impact_17,17,FY2023/24,medium,"Water Services Regulatory Board (WASREB), IMPACT Report Issue 17, 2025"
Homa Bay,"Large (10,000-35,000 connections)",FY2023/24,om_cost_coverage,71,%,utility,measured,wasreb_impact_17,17,FY2023/24,medium,"Water Services Regulatory Board (WASREB), IMPACT Report Issue 17, 2025"
Homa Bay,"Large (10,000-35,000 connections)",FY2023/24,metering_ratio,100,%,utility,measured,wasreb_impact_17,17,FY2023/24,high,"Water Services Regulatory Board (WASREB), IMPACT Report Issue 17, 2025"
Machakos,"Large (10,000-35,000 connections)",FY2023/24,drinking_water_quality,93,%,utility,measured,wasreb_impact_17,17,FY2023/24,high,"Water Services Regulatory Board (WASREB), IMPACT Report Issue 17, 2025"
Machakos,"Large (10,000-35,000 connections)",FY2023/24,non_revenue_water,45,%,utility,measured,wasreb_impact_17,17,FY2023/24,high,"Water Services Regulatory Board (WASREB), IMPACT Report Issue 17, 2025"
Machakos,"Large (10,000-35,000 connections)",FY2023/24,hours_of_supply,21,hrs/day,utility,measured,wasreb_impact_17,17,FY2023/24,high,"Water Services Regulatory Board (WASREB), IMPACT Report Issue 17, 2025"
Machakos,"Large (10,000-35,000 connections)",FY2023/24,staff_per_1000_connections,17,staff/1000 conns,utility,measured,wasreb_impact_17,17,FY2023/24,low,"Water Services Regulatory Board (WASREB), IMPACT Report Issue 17, 2025"
Machakos,"Large (10,000-35,000 connections)",FY2023/24,revenue_collection_eff,100,%,utility,measured,wasreb_impact_17,17,FY2023/24,medium,"Water Services Regulatory Board (WASREB), IMPACT Report Issue 17, 2025"
Machakos,"Large (10,000-35,000 connections)",FY2023/24,personnel_exp_share,37,%,utility,measured,wasreb_impact_17,17,FY2023/24,medium,"Water Services Regulatory Board (WASREB), IMPACT Report Issue 17, 2025"
Machakos,"Large (10,000-35,000 connections)",FY2023/24,om_cost_coverage,75,%,utility,measured,wasreb_impact_17,17,FY2023/24,medium,"Water Services Regulatory Board (WASREB), IMPACT Report Issue 17, 2025"
Machakos,"Large (10,000-35,000 connections)",FY2023/24,metering_ratio,98,%,utility,measured,wasreb_impact_17,17,FY2023/24,high,"Water Services Regulatory Board (WASREB), IMPACT Report Issue 17, 2025"
Amatsi,"Large (10,000-35,000 connections)",FY2023/24,drinking_water_quality,66,%,utility,measured,wasreb_impact_17,17,FY2023/24,high,"Water Services Regulatory Board (WASREB), IMPACT Report Issue 17, 2025"
Amatsi,"Large (10,000-35,000 connections)",FY2023/24,non_revenue_water,33,%,utility,measured,wasreb_impact_17,17,FY2023/24,high,"Water Services Regulatory Board (WASREB), IMPACT Report Issue 17, 2025"
Amatsi,"Large (10,000-35,000 connections)",FY2023/24,water_coverage,70,%,utility,measured,wasreb_impact_17,17,FY2023/24,high,"Water Services Regulatory Board (WASREB), IMPACT Report Issue 17, 2025"
Amatsi,"Large (10,000-35,000 connections)",FY2023/24,hours_of_supply,13,hrs/day,utility,measured,wasreb_impact_17,17,FY2023/24,high,"Water Services Regulatory Board (WASREB), IMPACT Report Issue 17, 2025"
Amatsi,"Large (10,000-35,000 connections)",FY2023/24,staff_per_1000_connections,8,staff/1000 conns,utility,measured,wasreb_impact_17,17,FY2023/24,low,"Water Services Regulatory Board (WASREB), IMPACT Report Issue 17, 2025"
Amatsi,"Large (10,000-35,000 connections)",FY2023/24,revenue_collection_eff,96,%,utility,measured,wasreb_impact_17,17,FY2023/24,medium,"Water Services Regulatory Board (WASREB), IMPACT Report Issue 17, 2025"
Amatsi,"Large (10,000-35,000 connections)",FY2023/24,personnel_exp_share,32,%,utility,measured,wasreb_impact_17,17,FY2023/24,medium,"Water Services Regulatory Board (WASREB), IMPACT Report Issue 17, 2025"
Amatsi,"Large (10,000-35,000 connections)",FY2023/24,om_cost_coverage,57,%,utility,measured,wasreb_impact_17,17,FY2023/24,medium,"Water Services Regulatory Board (WASREB), IMPACT Report Issue 17, 2025"
Amatsi,"Large (10,000-35,000 connections)",FY2023/24,metering_ratio,100,%,utility,measured,wasreb_impact_17,17,FY2023/24,high,"Water Services Regulatory Board (WASREB), IMPACT Report Issue 17, 2025"
Karuri,"Large (10,000-35,000 connections)",FY2023/24,drinking_water_quality,89,%,utility,measured,wasreb_impact_17,17,FY2023/24,high,"Water Services Regulatory Board (WASREB), IMPACT Report Issue 17, 2025"
Karuri,"Large (10,000-35,000 connections)",FY2023/24,non_revenue_water,50,%,utility,measured,wasreb_impact_17,17,FY2023/24,high,"Water Services Regulatory Board (WASREB), IMPACT Report Issue 17, 2025"
Karuri,"Large (10,000-35,000 connections)",FY2023/24,water_coverage,61,%,utility,measured,wasreb_impact_17,17,FY2023/24,high,"Water Services Regulatory Board (WASREB), IMPACT Report Issue 17, 2025"
Karuri,"Large (10,000-35,000 connections)",FY2023/24,hours_of_supply,15,hrs/day,utility,measured,wasreb_impact_17,17,FY2023/24,high,"Water Services Regulatory Board (WASREB), IMPACT Report Issue 17, 2025"
Karuri,"Large (10,000-35,000 connections)",FY2023/24,staff_per_1000_connections,13,staff/1000 conns,utility,measured,wasreb_impact_17,17,FY2023/24,low,"Water Services Regulatory Board (WASREB), IMPACT Report Issue 17, 2025"
Karuri,"Large (10,000-35,000 connections)",FY2023/24,revenue_collection_eff,93,%,utility,measured,wasreb_impact_17,17,FY2023/24,medium,"Water Services Regulatory Board (WASREB), IMPACT Report Issue 17, 2025"
Karuri,"Large (10,000-35,000 connections)",FY2023/24,personnel_exp_share,19,%,utility,measured,wasreb_impact_17,17,FY2023/24,medium,"Water Services Regulatory Board (WASREB), IMPACT Report Issue 17, 2025"
Karuri,"Large (10,000-35,000 connections)",FY2023/24,om_cost_coverage,83,%,utility,measured,wasreb_impact_17,17,FY2023/24,medium,"Water Services Regulatory Board (WASREB), IMPACT Report Issue 17, 2025"
Karuri,"Large (10,000-35,000 connections)",FY2023/24,metering_ratio,100,%,utility,measured,wasreb_impact_17,17,FY2023/24,high,"Water Services Regulatory Board (WASREB), IMPACT Report Issue 17, 2025"
Tavevo,"Large (10,000-35,000 connections)",FY2023/24,drinking_water_quality,50,%,utility,measured,wasreb_impact_17,17,FY2023/24,high,"Water Services Regulatory Board (WASREB), IMPACT Report Issue 17, 2025"
Tavevo,"Large (10,000-35,000 connections)",FY2023/24,non_revenue_water,38,%,utility,measured,wasreb_impact_17,17,FY2023/24,high,"Water Services Regulatory Board (WASREB), IMPACT Report Issue 17, 2025"
Tavevo,"Large (10,000-35,000 connections)",FY2023/24,water_coverage,81,%,utility,measured,wasreb_impact_17,17,FY2023/24,high,"Water Services Regulatory Board (WASREB), IMPACT Report Issue 17, 2025"
Tavevo,"Large (10,000-35,000 connections)",FY2023/24,hours_of_supply,12,hrs/day,utility,measured,wasreb_impact_17,17,FY2023/24,high,"Water Services Regulatory Board (WASREB), IMPACT Report Issue 17, 2025"
Tavevo,"Large (10,000-35,000 connections)",FY2023/24,staff_per_1000_connections,9,staff/1000 conns,utility,measured,wasreb_impact_17,17,FY2023/24,low,"Water Services Regulatory Board (WASREB), IMPACT Report Issue 17, 2025"
Tavevo,"Large (10,000-35,000 connections)",FY2023/24,revenue_collection_eff,94,%,utility,measured,wasreb_impact_17,17,FY2023/24,medium,"Water Services Regulatory Board (WASREB), IMPACT Report Issue 17, 2025"
Tavevo,"Large (10,000-35,000 connections)",FY2023/24,personnel_exp_share,34,%,utility,measured,wasreb_impact_17,17,FY2023/24,medium,"Water Services Regulatory Board (WASREB), IMPACT Report Issue 17, 2025"
Tavevo,"Large (10,000-35,000 connections)",FY2023/24,om_cost_coverage,60,%,utility,measured,wasreb_impact_17,17,FY2023/24,medium,"Water Services Regulatory Board (WASREB), IMPACT Report Issue 17, 2025"
Tavevo,"Large (10,000-35,000 connections)",FY2023/24,metering_ratio,100,%,utility,measured,wasreb_impact_17,17,FY2023/24,high,"Water Services Regulatory Board (WASREB), IMPACT Report Issue 17, 2025"
Kikuyu,"Large (10,000-35,000 connections)",FY2023/24,drinking_water_quality,45,%,utility,measured,wasreb_impact_17,17,FY2023/24,high,"Water Services Regulatory Board (WASREB), IMPACT Report Issue 17, 2025"
Kikuyu,"Large (10,000-35,000 connections)",FY2023/24,non_revenue_water,55,%,utility,measured,wasreb_impact_17,17,FY2023/24,high,"Water Services Regulatory Board (WASREB), IMPACT Report Issue 17, 2025"
Kikuyu,"Large (10,000-35,000 connections)",FY2023/24,water_coverage,62,%,utility,measured,wasreb_impact_17,17,FY2023/24,high,"Water Services Regulatory Board (WASREB), IMPACT Report Issue 17, 2025"
Kikuyu,"Large (10,000-35,000 connections)",FY2023/24,hours_of_supply,19,hrs/day,utility,measured,wasreb_impact_17,17,FY2023/24,high,"Water Services Regulatory Board (WASREB), IMPACT Report Issue 17, 2025"
Kikuyu,"Large (10,000-35,000 connections)",FY2023/24,staff_per_1000_connections,8,staff/1000 conns,utility,measured,wasreb_impact_17,17,FY2023/24,low,"Water Services Regulatory Board (WASREB), IMPACT Report Issue 17, 2025"
Kikuyu,"Large (10,000-35,000 connections)",FY2023/24,revenue_collection_eff,112,%,utility,measured,wasreb_impact_17,17,FY2023/24,medium,"Water Services Regulatory Board (WASREB), IMPACT Report Issue 17, 2025"
Kikuyu,"Large (10,000-35,000 connections)",FY2023/24,personnel_exp_share,40,%,utility,measured,wasreb_impact_17,17,FY2023/24,medium,"Water Services Regulatory Board (WASREB), IMPACT Report Issue 17, 2025"
Kikuyu,"Large (10,000-35,000 connections)",FY2023/24,om_cost_coverage,72,%,utility,measured,wasreb_impact_17,17,FY2023/24,medium,"Water Services Regulatory Board (WASREB), IMPACT Report Issue 17, 2025"
Kikuyu,"Large (10,000-35,000 connections)",FY2023/24,metering_ratio,99,%,utility,measured,wasreb_impact_17,17,FY2023/24,high,"Water Services Regulatory Board (WASREB), IMPACT Report Issue 17, 2025"
Sibo,"Large (10,000-35,000 connections)",FY2023/24,drinking_water_quality,64,%,utility,measured,wasreb_impact_17,17,FY2023/24,high,"Water Services Regulatory Board (WASREB), IMPACT Report Issue 17, 2025"
Sibo,"Large (10,000-35,000 connections)",FY2023/24,non_revenue_water,36,%,utility,measured,wasreb_impact_17,17,FY2023/24,high,"Water Services Regulatory Board (WASREB), IMPACT Report Issue 17, 2025"
Sibo,"Large (10,000-35,000 connections)",FY2023/24,water_coverage,53,%,utility,measured,wasreb_impact_17,17,FY2023/24,high,"Water Services Regulatory Board (WASREB), IMPACT Report Issue 17, 2025"
Sibo,"Large (10,000-35,000 connections)",FY2023/24,hours_of_supply,7,hrs/day,utility,measured,wasreb_impact_17,17,FY2023/24,high,"Water Services Regulatory Board (WASREB), IMPACT Report Issue 17, 2025"
Sibo,"Large (10,000-35,000 connections)",FY2023/24,staff_per_1000_connections,6,staff/1000 conns,utility,measured,wasreb_impact_17,17,FY2023/24,low,"Water Services Regulatory Board (WASREB), IMPACT Report Issue 17, 2025"
Sibo,"Large (10,000-35,000 connections)",FY2023/24,revenue_collection_eff,99,%,utility,measured,wasreb_impact_17,17,FY2023/24,medium,"Water Services Regulatory Board (WASREB), IMPACT Report Issue 17, 2025"
Sibo,"Large (10,000-35,000 connections)",FY2023/24,personnel_exp_share,36,%,utility,measured,wasreb_impact_17,17,FY2023/24,medium,"Water Services Regulatory Board (WASREB), IMPACT Report Issue 17, 2025"
Sibo,"Large (10,000-35,000 connections)",FY2023/24,om_cost_coverage,88,%,utility,measured,wasreb_impact_17,17,FY2023/24,medium,"Water Services Regulatory Board (WASREB), IMPACT Report Issue 17, 2025"
Sibo,"Large (10,000-35,000 connections)",FY2023/24,metering_ratio,100,%,utility,measured,wasreb_impact_17,17,FY2023/24,high,"Water Services Regulatory Board (WASREB), IMPACT Report Issue 17, 2025"
Mavoko,"Large (10,000-35,000 connections)",FY2023/24,drinking_water_quality,92,%,utility,measured,wasreb_impact_17,17,FY2023/24,high,"Water Services Regulatory Board (WASREB), IMPACT Report Issue 17, 2025"
Mavoko,"Large (10,000-35,000 connections)",FY2023/24,non_revenue_water,58,%,utility,measured,wasreb_impact_17,17,FY2023/24,high,"Water Services Regulatory Board (WASREB), IMPACT Report Issue 17, 2025"
Mavoko,"Large (10,000-35,000 connections)",FY2023/24,water_coverage,50,%,utility,measured,wasreb_impact_17,17,FY2023/24,high,"Water Services Regulatory Board (WASREB), IMPACT Report Issue 17, 2025"
Mavoko,"Large (10,000-35,000 connections)",FY2023/24,hours_of_supply,14,hrs/day,utility,measured,wasreb_impact_17,17,FY2023/24,high,"Water Services Regulatory Board (WASREB), IMPACT Report Issue 17, 2025"
Mavoko,"Large (10,000-35,000 connections)",FY2023/24,staff_per_1000_connections,14,staff/1000 conns,utility,measured,wasreb_impact_17,17,FY2023/24,low,"Water Services Regulatory Board (WASREB), IMPACT Report Issue 17, 2025"
Mavoko,"Large (10,000-35,000 connections)",FY2023/24,revenue_collection_eff,96,%,utility,measured,wasreb_impact_17,17,FY2023/24,medium,"Water Services Regulatory Board (WASREB), IMPACT Report Issue 17, 2025"
Mavoko,"Large (10,000-35,000 connections)",FY2023/24,personnel_exp_share,57,%,utility,measured,wasreb_impact_17,17,FY2023/24,medium,"Water Services Regulatory Board (WASREB), IMPACT Report Issue 17, 2025"
Mavoko,"Large (10,000-35,000 connections)",FY2023/24,om_cost_coverage,93,%,utility,measured,wasreb_impact_17,17,FY2023/24,medium,"Water Services Regulatory Board (WASREB), IMPACT Report Issue 17, 2025"
Mavoko,"Large (10,000-35,000 connections)",FY2023/24,metering_ratio,100,%,utility,measured,wasreb_impact_17,17,FY2023/24,high,"Water Services Regulatory Board (WASREB), IMPACT Report Issue 17, 2025"
Kibwezi Makindu,"Large (10,000-35,000 connections)",FY2023/24,drinking_water_quality,0,%,utility,measured,wasreb_impact_17,17,FY2023/24,high,"Water Services Regulatory Board (WASREB), IMPACT Report Issue 17, 2025"
Kibwezi Makindu,"Large (10,000-35,000 connections)",FY2023/24,non_revenue_water,31,%,utility,measured,wasreb_impact_17,17,FY2023/24,high,"Water Services Regulatory Board (WASREB), IMPACT Report Issue 17, 2025"
Kibwezi Makindu,"Large (10,000-35,000 connections)",FY2023/24,water_coverage,14,%,utility,measured,wasreb_impact_17,17,FY2023/24,high,"Water Services Regulatory Board (WASREB), IMPACT Report Issue 17, 2025"
Kibwezi Makindu,"Large (10,000-35,000 connections)",FY2023/24,hours_of_supply,18,hrs/day,utility,measured,wasreb_impact_17,17,FY2023/24,high,"Water Services Regulatory Board (WASREB), IMPACT Report Issue 17, 2025"
Kibwezi Makindu,"Large (10,000-35,000 connections)",FY2023/24,staff_per_1000_connections,6,staff/1000 conns,utility,measured,wasreb_impact_17,17,FY2023/24,low,"Water Services Regulatory Board (WASREB), IMPACT Report Issue 17, 2025"
Kibwezi Makindu,"Large (10,000-35,000 connections)",FY2023/24,revenue_collection_eff,79,%,utility,measured,wasreb_impact_17,17,FY2023/24,medium,"Water Services Regulatory Board (WASREB), IMPACT Report Issue 17, 2025"
Kibwezi Makindu,"Large (10,000-35,000 connections)",FY2023/24,personnel_exp_share,72,%,utility,measured,wasreb_impact_17,17,FY2023/24,medium,"Water Services Regulatory Board (WASREB), IMPACT Report Issue 17, 2025"
Kibwezi Makindu,"Large (10,000-35,000 connections)",FY2023/24,om_cost_coverage,83,%,utility,measured,wasreb_impact_17,17,FY2023/24,medium,"Water Services Regulatory Board (WASREB), IMPACT Report Issue 17, 2025"
Kibwezi Makindu,"Large (10,000-35,000 connections)",FY2023/24,metering_ratio,72,%,utility,measured,wasreb_impact_17,17,FY2023/24,high,"Water Services Regulatory Board (WASREB), IMPACT Report Issue 17, 2025"
Kyeni,"Large (10,000-35,000 connections)",FY2023/24,drinking_water_quality,78,%,utility,measured,wasreb_impact_17,17,FY2023/24,high,"Water Services Regulatory Board (WASREB), IMPACT Report Issue 17, 2025"
Kyeni,"Large (10,000-35,000 connections)",FY2023/24,non_revenue_water,48,%,utility,measured,wasreb_impact_17,17,FY2023/24,high,"Water Services Regulatory Board (WASREB), IMPACT Report Issue 17, 2025"
Kyeni,"Large (10,000-35,000 connections)",FY2023/24,water_coverage,65,%,utility,measured,wasreb_impact_17,17,FY2023/24,high,"Water Services Regulatory Board (WASREB), IMPACT Report Issue 17, 2025"
Kyeni,"Large (10,000-35,000 connections)",FY2023/24,hours_of_supply,22,hrs/day,utility,measured,wasreb_impact_17,17,FY2023/24,high,"Water Services Regulatory Board (WASREB), IMPACT Report Issue 17, 2025"
Kyeni,"Large (10,000-35,000 connections)",FY2023/24,staff_per_1000_connections,12,staff/1000 conns,utility,measured,wasreb_impact_17,17,FY2023/24,low,"Water Services Regulatory Board (WASREB), IMPACT Report Issue 17, 2025"
Kyeni,"Large (10,000-35,000 connections)",FY2023/24,revenue_collection_eff,65,%,utility,measured,wasreb_impact_17,17,FY2023/24,medium,"Water Services Regulatory Board (WASREB), IMPACT Report Issue 17, 2025"
Kyeni,"Large (10,000-35,000 connections)",FY2023/24,personnel_exp_share,37,%,utility,measured,wasreb_impact_17,17,FY2023/24,medium,"Water Services Regulatory Board (WASREB), IMPACT Report Issue 17, 2025"
Kyeni,"Large (10,000-35,000 connections)",FY2023/24,om_cost_coverage,105,%,utility,measured,wasreb_impact_17,17,FY2023/24,medium,"Water Services Regulatory Board (WASREB), IMPACT Report Issue 17, 2025"
Kyeni,"Large (10,000-35,000 connections)",FY2023/24,metering_ratio,40,%,utility,measured,wasreb_impact_17,17,FY2023/24,high,"Water Services Regulatory Board (WASREB), IMPACT Report Issue 17, 2025"
Garissa,"Large (10,000-35,000 connections)",FY2023/24,drinking_water_quality,93,%,utility,measured,wasreb_impact_17,17,FY2023/24,high,"Water Services Regulatory Board (WASREB), IMPACT Report Issue 17, 2025"
Garissa,"Large (10,000-35,000 connections)",FY2023/24,non_revenue_water,44,%,utility,measured,wasreb_impact_17,17,FY2023/24,high,"Water Services Regulatory Board (WASREB), IMPACT Report Issue 17, 2025"
Garissa,"Large (10,000-35,000 connections)",FY2023/24,water_coverage,11,%,utility,measured,wasreb_impact_17,17,FY2023/24,high,"Water Services Regulatory Board (WASREB), IMPACT Report Issue 17, 2025"
Garissa,"Large (10,000-35,000 connections)",FY2023/24,hours_of_supply,15,hrs/day,utility,measured,wasreb_impact_17,17,FY2023/24,high,"Water Services Regulatory Board (WASREB), IMPACT Report Issue 17, 2025"
Garissa,"Large (10,000-35,000 connections)",FY2023/24,staff_per_1000_connections,12,staff/1000 conns,utility,measured,wasreb_impact_17,17,FY2023/24,low,"Water Services Regulatory Board (WASREB), IMPACT Report Issue 17, 2025"
Garissa,"Large (10,000-35,000 connections)",FY2023/24,revenue_collection_eff,56,%,utility,measured,wasreb_impact_17,17,FY2023/24,medium,"Water Services Regulatory Board (WASREB), IMPACT Report Issue 17, 2025"
Garissa,"Large (10,000-35,000 connections)",FY2023/24,personnel_exp_share,55,%,utility,measured,wasreb_impact_17,17,FY2023/24,medium,"Water Services Regulatory Board (WASREB), IMPACT Report Issue 17, 2025"
Garissa,"Large (10,000-35,000 connections)",FY2023/24,om_cost_coverage,124,%,utility,measured,wasreb_impact_17,17,FY2023/24,medium,"Water Services Regulatory Board (WASREB), IMPACT Report Issue 17, 2025"
Garissa,"Large (10,000-35,000 connections)",FY2023/24,metering_ratio,78,%,utility,measured,wasreb_impact_17,17,FY2023/24,high,"Water Services Regulatory Board (WASREB), IMPACT Report Issue 17, 2025"
Busia,"Large (10,000-35,000 connections)",FY2023/24,drinking_water_quality,33,%,utility,measured,wasreb_impact_17,17,FY2023/24,high,"Water Services Regulatory Board (WASREB), IMPACT Report Issue 17, 2025"
Busia,"Large (10,000-35,000 connections)",FY2023/24,non_revenue_water,56,%,utility,measured,wasreb_impact_17,17,FY2023/24,high,"Water Services Regulatory Board (WASREB), IMPACT Report Issue 17, 2025"
Busia,"Large (10,000-35,000 connections)",FY2023/24,water_coverage,65,%,utility,measured,wasreb_impact_17,17,FY2023/24,high,"Water Services Regulatory Board (WASREB), IMPACT Report Issue 17, 2025"
Busia,"Large (10,000-35,000 connections)",FY2023/24,hours_of_supply,8,hrs/day,utility,measured,wasreb_impact_17,17,FY2023/24,high,"Water Services Regulatory Board (WASREB), IMPACT Report Issue 17, 2025"
Busia,"Large (10,000-35,000 connections)",FY2023/24,staff_per_1000_connections,9,staff/1000 conns,utility,measured,wasreb_impact_17,17,FY2023/24,low,"Water Services Regulatory Board (WASREB), IMPACT Report Issue 17, 2025"
Busia,"Large (10,000-35,000 connections)",FY2023/24,revenue_collection_eff,79,%,utility,measured,wasreb_impact_17,17,FY2023/24,medium,"Water Services Regulatory Board (WASREB), IMPACT Report Issue 17, 2025"
Busia,"Large (10,000-35,000 connections)",FY2023/24,personnel_exp_share,44,%,utility,measured,wasreb_impact_17,17,FY2023/24,medium,"Water Services Regulatory Board (WASREB), IMPACT Report Issue 17, 2025"
Busia,"Large (10,000-35,000 connections)",FY2023/24,om_cost_coverage,69,%,utility,measured,wasreb_impact_17,17,FY2023/24,medium,"Water Services Regulatory Board (WASREB), IMPACT Report Issue 17, 2025"
Busia,"Large (10,000-35,000 connections)",FY2023/24,metering_ratio,89,%,utility,measured,wasreb_impact_17,17,FY2023/24,high,"Water Services Regulatory Board (WASREB), IMPACT Report Issue 17, 2025"
Turkana Urban,"Large (10,000-35,000 connections)",FY2023/24,drinking_water_quality,51,%,utility,measured,wasreb_impact_17,17,FY2023/24,high,"Water Services Regulatory Board (WASREB), IMPACT Report Issue 17, 2025"
Turkana Urban,"Large (10,000-35,000 connections)",FY2023/24,non_revenue_water,61,%,utility,measured,wasreb_impact_17,17,FY2023/24,high,"Water Services Regulatory Board (WASREB), IMPACT Report Issue 17, 2025"
Turkana Urban,"Large (10,000-35,000 connections)",FY2023/24,water_coverage,12,%,utility,measured,wasreb_impact_17,17,FY2023/24,high,"Water Services Regulatory Board (WASREB), IMPACT Report Issue 17, 2025"
Turkana Urban,"Large (10,000-35,000 connections)",FY2023/24,hours_of_supply,14,hrs/day,utility,measured,wasreb_impact_17,17,FY2023/24,high,"Water Services Regulatory Board (WASREB), IMPACT Report Issue 17, 2025"
Turkana Urban,"Large (10,000-35,000 connections)",FY2023/24,staff_per_1000_connections,20,staff/1000 conns,utility,measured,wasreb_impact_17,17,FY2023/24,low,"Water Services Regulatory Board (WASREB), IMPACT Report Issue 17, 2025"
Turkana Urban,"Large (10,000-35,000 connections)",FY2023/24,revenue_collection_eff,77,%,utility,measured,wasreb_impact_17,17,FY2023/24,medium,"Water Services Regulatory Board (WASREB), IMPACT Report Issue 17, 2025"
Turkana Urban,"Large (10,000-35,000 connections)",FY2023/24,personnel_exp_share,46,%,utility,measured,wasreb_impact_17,17,FY2023/24,medium,"Water Services Regulatory Board (WASREB), IMPACT Report Issue 17, 2025"
Turkana Urban,"Large (10,000-35,000 connections)",FY2023/24,om_cost_coverage,69,%,utility,measured,wasreb_impact_17,17,FY2023/24,medium,"Water Services Regulatory Board (WASREB), IMPACT Report Issue 17, 2025"
Turkana Urban,"Large (10,000-35,000 connections)",FY2023/24,metering_ratio,46,%,utility,measured,wasreb_impact_17,17,FY2023/24,high,"Water Services Regulatory Board (WASREB), IMPACT Report Issue 17, 2025"
Bomet,"Large (10,000-35,000 connections)",FY2023/24,drinking_water_quality,100,%,utility,measured,wasreb_impact_17,17,FY2023/24,high,"Water Services Regulatory Board (WASREB), IMPACT Report Issue 17, 2025"
Bomet,"Large (10,000-35,000 connections)",FY2023/24,non_revenue_water,43,%,utility,measured,wasreb_impact_17,17,FY2023/24,high,"Water Services Regulatory Board (WASREB), IMPACT Report Issue 17, 2025"
Bomet,"Large (10,000-35,000 connections)",FY2023/24,water_coverage,75,%,utility,measured,wasreb_impact_17,17,FY2023/24,high,"Water Services Regulatory Board (WASREB), IMPACT Report Issue 17, 2025"
Bomet,"Large (10,000-35,000 connections)",FY2023/24,hours_of_supply,22,hrs/day,utility,measured,wasreb_impact_17,17,FY2023/24,high,"Water Services Regulatory Board (WASREB), IMPACT Report Issue 17, 2025"
Bomet,"Large (10,000-35,000 connections)",FY2023/24,staff_per_1000_connections,6,staff/1000 conns,utility,measured,wasreb_impact_17,17,FY2023/24,low,"Water Services Regulatory Board (WASREB), IMPACT Report Issue 17, 2025"
Bomet,"Large (10,000-35,000 connections)",FY2023/24,revenue_collection_eff,95,%,utility,measured,wasreb_impact_17,17,FY2023/24,medium,"Water Services Regulatory Board (WASREB), IMPACT Report Issue 17, 2025"
Bomet,"Large (10,000-35,000 connections)",FY2023/24,personnel_exp_share,45,%,utility,measured,wasreb_impact_17,17,FY2023/24,medium,"Water Services Regulatory Board (WASREB), IMPACT Report Issue 17, 2025"
Bomet,"Large (10,000-35,000 connections)",FY2023/24,om_cost_coverage,40,%,utility,measured,wasreb_impact_17,17,FY2023/24,medium,"Water Services Regulatory Board (WASREB), IMPACT Report Issue 17, 2025"
Bomet,"Large (10,000-35,000 connections)",FY2023/24,metering_ratio,98,%,utility,measured,wasreb_impact_17,17,FY2023/24,high,"Water Services Regulatory Board (WASREB), IMPACT Report Issue 17, 2025"
Kapsabet Nandi,"Medium (5,000-10,000 connections)",FY2023/24,drinking_water_quality,100,%,utility,measured,wasreb_impact_17,17,FY2023/24,high,"Water Services Regulatory Board (WASREB), IMPACT Report Issue 17, 2025"
Kapsabet Nandi,"Medium (5,000-10,000 connections)",FY2023/24,non_revenue_water,38,%,utility,measured,wasreb_impact_17,17,FY2023/24,high,"Water Services Regulatory Board (WASREB), IMPACT Report Issue 17, 2025"
Kapsabet Nandi,"Medium (5,000-10,000 connections)",FY2023/24,water_coverage,37,%,utility,measured,wasreb_impact_17,17,FY2023/24,high,"Water Services Regulatory Board (WASREB), IMPACT Report Issue 17, 2025"
Kapsabet Nandi,"Medium (5,000-10,000 connections)",FY2023/24,hours_of_supply,20,hrs/day,utility,measured,wasreb_impact_17,17,FY2023/24,high,"Water Services Regulatory Board (WASREB), IMPACT Report Issue 17, 2025"
Kapsabet Nandi,"Medium (5,000-10,000 connections)",FY2023/24,staff_per_1000_connections,8,staff/1000 conns,utility,measured,wasreb_impact_17,17,FY2023/24,medium,"Water Services Regulatory Board (WASREB), IMPACT Report Issue 17, 2025"
Kapsabet Nandi,"Medium (5,000-10,000 connections)",FY2023/24,revenue_collection_eff,95,%,utility,measured,wasreb_impact_17,17,FY2023/24,medium,"Water Services Regulatory Board (WASREB), IMPACT Report Issue 17, 2025"
Kapsabet Nandi,"Medium (5,000-10,000 connections)",FY2023/24,personnel_exp_share,35,%,utility,measured,wasreb_impact_17,17,FY2023/24,medium,"Water Services Regulatory Board (WASREB), IMPACT Report Issue 17, 2025"
Kapsabet Nandi,"Medium (5,000-10,000 connections)",FY2023/24,om_cost_coverage,85,%,utility,measured,wasreb_impact_17,17,FY2023/24,medium,"Water Services Regulatory Board (WASREB), IMPACT Report Issue 17, 2025"
Kapsabet Nandi,"Medium (5,000-10,000 connections)",FY2023/24,metering_ratio,100,%,utility,measured,wasreb_impact_17,17,FY2023/24,high,"Water Services Regulatory Board (WASREB), IMPACT Report Issue 17, 2025"
Kapsabet Nandi,"Medium (5,000-10,000 connections)",FY2023/24,total_score,110,points (max 200),utility,measured,wasreb_impact_17,17,FY2023/24,high,"Water Services Regulatory Board (WASREB), IMPACT Report Issue 17, 2025"
Embe,"Medium (5,000-10,000 connections)",FY2023/24,drinking_water_quality,72,%,utility,measured,wasreb_impact_17,17,FY2023/24,high,"Water Services Regulatory Board (WASREB), IMPACT Report Issue 17, 2025"
Embe,"Medium (5,000-10,000 connections)",FY2023/24,non_revenue_water,65,%,utility,measured,wasreb_impact_17,17,FY2023/24,high,"Water Services Regulatory Board (WASREB), IMPACT Report Issue 17, 2025"
Embe,"Medium (5,000-10,000 connections)",FY2023/24,water_coverage,32,%,utility,measured,wasreb_impact_17,17,FY2023/24,high,"Water Services Regulatory Board (WASREB), IMPACT Report Issue 17, 2025"
Embe,"Medium (5,000-10,000 connections)",FY2023/24,hours_of_supply,10,hrs/day,utility,measured,wasreb_impact_17,17,FY2023/24,high,"Water Services Regulatory Board (WASREB), IMPACT Report Issue 17, 2025"
Embe,"Medium (5,000-10,000 connections)",FY2023/24,staff_per_1000_connections,16,staff/1000 conns,utility,measured,wasreb_impact_17,17,FY2023/24,medium,"Water Services Regulatory Board (WASREB), IMPACT Report Issue 17, 2025"
Embe,"Medium (5,000-10,000 connections)",FY2023/24,revenue_collection_eff,63,%,utility,measured,wasreb_impact_17,17,FY2023/24,medium,"Water Services Regulatory Board (WASREB), IMPACT Report Issue 17, 2025"
Embe,"Medium (5,000-10,000 connections)",FY2023/24,personnel_exp_share,42,%,utility,measured,wasreb_impact_17,17,FY2023/24,medium,"Water Services Regulatory Board (WASREB), IMPACT Report Issue 17, 2025"
Embe,"Medium (5,000-10,000 connections)",FY2023/24,om_cost_coverage,76,%,utility,measured,wasreb_impact_17,17,FY2023/24,medium,"Water Services Regulatory Board (WASREB), IMPACT Report Issue 17, 2025"
Embe,"Medium (5,000-10,000 connections)",FY2023/24,metering_ratio,46,%,utility,measured,wasreb_impact_17,17,FY2023/24,high,"Water Services Regulatory Board (WASREB), IMPACT Report Issue 17, 2025"
Embe,"Medium (5,000-10,000 connections)",FY2023/24,total_score,105,points (max 200),utility,measured,wasreb_impact_17,17,FY2023/24,high,"Water Services Regulatory Board (WASREB), IMPACT Report Issue 17, 2025"
Lamu,"Medium (5,000-10,000 connections)",FY2023/24,drinking_water_quality,93,%,utility,measured,wasreb_impact_17,17,FY2023/24,high,"Water Services Regulatory Board (WASREB), IMPACT Report Issue 17, 2025"
Lamu,"Medium (5,000-10,000 connections)",FY2023/24,non_revenue_water,54,%,utility,measured,wasreb_impact_17,17,FY2023/24,high,"Water Services Regulatory Board (WASREB), IMPACT Report Issue 17, 2025"
Lamu,"Medium (5,000-10,000 connections)",FY2023/24,water_coverage,77,%,utility,measured,wasreb_impact_17,17,FY2023/24,high,"Water Services Regulatory Board (WASREB), IMPACT Report Issue 17, 2025"
Lamu,"Medium (5,000-10,000 connections)",FY2023/24,hours_of_supply,16,hrs/day,utility,measured,wasreb_impact_17,17,FY2023/24,high,"Water Services Regulatory Board (WASREB), IMPACT Report Issue 17, 2025"
Lamu,"Medium (5,000-10,000 connections)",FY2023/24,staff_per_1000_connections,9,staff/1000 conns,utility,measured,wasreb_impact_17,17,FY2023/24,medium,"Water Services Regulatory Board (WASREB), IMPACT Report Issue 17, 2025"
Lamu,"Medium (5,000-10,000 connections)",FY2023/24,revenue_collection_eff,97,%,utility,measured,wasreb_impact_17,17,FY2023/24,medium,"Water Services Regulatory Board (WASREB), IMPACT Report Issue 17, 2025"
Lamu,"Medium (5,000-10,000 connections)",FY2023/24,personnel_exp_share,51,%,utility,measured,wasreb_impact_17,17,FY2023/24,medium,"Water Services Regulatory Board (WASREB), IMPACT Report Issue 17, 2025"
Lamu,"Medium (5,000-10,000 connections)",FY2023/24,om_cost_coverage,79,%,utility,measured,wasreb_impact_17,17,FY2023/24,medium,"Water Services Regulatory Board (WASREB), IMPACT Report Issue 17, 2025"
Lamu,"Medium (5,000-10,000 connections)",FY2023/24,metering_ratio,100,%,utility,measured,wasreb_impact_17,17,FY2023/24,high,"Water Services Regulatory Board (WASREB), IMPACT Report Issue 17, 2025"
Lamu,"Medium (5,000-10,000 connections)",FY2023/24,total_score,86,points (max 200),utility,measured,wasreb_impact_17,17,FY2023/24,high,"Water Services Regulatory Board (WASREB), IMPACT Report Issue 17, 2025"
Murugi Mugumango,"Medium (5,000-10,000 connections)",FY2023/24,drinking_water_quality,93,%,utility,measured,wasreb_impact_17,17,FY2023/24,high,"Water Services Regulatory Board (WASREB), IMPACT Report Issue 17, 2025"
Murugi Mugumango,"Medium (5,000-10,000 connections)",FY2023/24,non_revenue_water,54,%,utility,measured,wasreb_impact_17,17,FY2023/24,high,"Water Services Regulatory Board (WASREB), IMPACT Report Issue 17, 2025"
Murugi Mugumango,"Medium (5,000-10,000 connections)",FY2023/24,water_coverage,74,%,utility,measured,wasreb_impact_17,17,FY2023/24,high,"Water Services Regulatory Board (WASREB), IMPACT Report Issue 17, 2025"
Murugi Mugumango,"Medium (5,000-10,000 connections)",FY2023/24,hours_of_supply,12,hrs/day,utility,measured,wasreb_impact_17,17,FY2023/24,high,"Water Services Regulatory Board (WASREB), IMPACT Report Issue 17, 2025"
Murugi Mugumango,"Medium (5,000-10,000 connections)",FY2023/24,staff_per_1000_connections,24,staff/1000 conns,utility,measured,wasreb_impact_17,17,FY2023/24,medium,"Water Services Regulatory Board (WASREB), IMPACT Report Issue 17, 2025"
Murugi Mugumango,"Medium (5,000-10,000 connections)",FY2023/24,revenue_collection_eff,96,%,utility,measured,wasreb_impact_17,17,FY2023/24,medium,"Water Services Regulatory Board (WASREB), IMPACT Report Issue 17, 2025"
Murugi Mugumango,"Medium (5,000-10,000 connections)",FY2023/24,personnel_exp_share,50,%,utility,measured,wasreb_impact_17,17,FY2023/24,medium,"Water Services Regulatory Board (WASREB), IMPACT Report Issue 17, 2025"
Murugi Mugumango,"Medium (5,000-10,000 connections)",FY2023/24,om_cost_coverage,40,%,utility,measured,wasreb_impact_17,17,FY2023/24,medium,"Water Services Regulatory Board (WASREB), IMPACT Report Issue 17, 2025"
Murugi Mugumango,"Medium (5,000-10,000 connections)",FY2023/24,metering_ratio,100,%,utility,measured,wasreb_impact_17,17,FY2023/24,high,"Water Services Regulatory Board (WASREB), IMPACT Report Issue 17, 2025"
Murugi Mugumango,"Medium (5,000-10,000 connections)",FY2023/24,total_score,82,points (max 200),utility,measured,wasreb_impact_17,17,FY2023/24,high,"Water Services Regulatory Board (WASREB), IMPACT Report Issue 17, 2025"
Kirandich,"Medium (5,000-10,000 connections)",FY2023/24,drinking_water_quality,21,%,utility,measured,wasreb_impact_17,17,FY2023/24,high,"Water Services Regulatory Board (WASREB), IMPACT Report Issue 17, 2025"
Kirandich,"Medium (5,000-10,000 connections)",FY2023/24,non_revenue_water,47,%,utility,measured,wasreb_impact_17,17,FY2023/24,high,"Water Services Regulatory Board (WASREB), IMPACT Report Issue 17, 2025"
Kirandich,"Medium (5,000-10,000 connections)",FY2023/24,water_coverage,59,%,utility,measured,wasreb_impact_17,17,FY2023/24,high,"Water Services Regulatory Board (WASREB), IMPACT Report Issue 17, 2025"
Kirandich,"Medium (5,000-10,000 connections)",FY2023/24,hours_of_supply,24,hrs/day,utility,measured,wasreb_impact_17,17,FY2023/24,high,"Water Services Regulatory Board (WASREB), IMPACT Report Issue 17, 2025"
Kirandich,"Medium (5,000-10,000 connections)",FY2023/24,staff_per_1000_connections,5,staff/1000 conns,utility,measured,wasreb_impact_17,17,FY2023/24,medium,"Water Services Regulatory Board (WASREB), IMPACT Report Issue 17, 2025"
Kirandich,"Medium (5,000-10,000 connections)",FY2023/24,revenue_collection_eff,96,%,utility,measured,wasreb_impact_17,17,FY2023/24,medium,"Water Services Regulatory Board (WASREB), IMPACT Report Issue 17, 2025"
Kirandich,"Medium (5,000-10,000 connections)",FY2023/24,personnel_exp_share,65,%,utility,measured,wasreb_impact_17,17,FY2023/24,medium,"Water Services Regulatory Board (WASREB), IMPACT Report Issue 17, 2025"
Kirandich,"Medium (5,000-10,000 connections)",FY2023/24,om_cost_coverage,82,%,utility,measured,wasreb_impact_17,17,FY2023/24,medium,"Water Services Regulatory Board (WASREB), IMPACT Report Issue 17, 2025"
Kirandich,"Medium (5,000-10,000 connections)",FY2023/24,metering_ratio,100,%,utility,measured,wasreb_impact_17,17,FY2023/24,high,"Water Services Regulatory Board (WASREB), IMPACT Report Issue 17, 2025"
Kirandich,"Medium (5,000-10,000 connections)",FY2023/24,total_score,69,points (max 200),utility,measured,wasreb_impact_17,17,FY2023/24,high,"Water Services Regulatory Board (WASREB), IMPACT Report Issue 17, 2025"
Nyandarua,"Medium (5,000-10,000 connections)",FY2023/24,drinking_water_quality,77,%,utility,measured,wasreb_impact_17,17,FY2023/24,high,"Water Services Regulatory Board (WASREB), IMPACT Report Issue 17, 2025"
Nyandarua,"Medium (5,000-10,000 connections)",FY2023/24,non_revenue_water,59,%,utility,measured,wasreb_impact_17,17,FY2023/24,high,"Water Services Regulatory Board (WASREB), IMPACT Report Issue 17, 2025"
Nyandarua,"Medium (5,000-10,000 connections)",FY2023/24,water_coverage,30,%,utility,measured,wasreb_impact_17,17,FY2023/24,high,"Water Services Regulatory Board (WASREB), IMPACT Report Issue 17, 2025"
Nyandarua,"Medium (5,000-10,000 connections)",FY2023/24,hours_of_supply,12,hrs/day,utility,measured,wasreb_impact_17,17,FY2023/24,high,"Water Services Regulatory Board (WASREB), IMPACT Report Issue 17, 2025"
Nyandarua,"Medium (5,000-10,000 connections)",FY2023/24,staff_per_1000_connections,7,staff/1000 conns,utility,measured,wasreb_impact_17,17,FY2023/24,medium,"Water Services Regulatory Board (WASREB), IMPACT Report Issue 17, 2025"
Nyandarua,"Medium (5,000-10,000 connections)",FY2023/24,revenue_collection_eff,92,%,utility,measured,wasreb_impact_17,17,FY2023/24,medium,"Water Services Regulatory Board (WASREB), IMPACT Report Issue 17, 2025"
Nyandarua,"Medium (5,000-10,000 connections)",FY2023/24,personnel_exp_share,24,%,utility,measured,wasreb_impact_17,17,FY2023/24,medium,"Water Services Regulatory Board (WASREB), IMPACT Report Issue 17, 2025"
Nyandarua,"Medium (5,000-10,000 connections)",FY2023/24,om_cost_coverage,32,%,utility,measured,wasreb_impact_17,17,FY2023/24,medium,"Water Services Regulatory Board (WASREB), IMPACT Report Issue 17, 2025"
Nyandarua,"Medium (5,000-10,000 connections)",FY2023/24,metering_ratio,92,%,utility,measured,wasreb_impact_17,17,FY2023/24,high,"Water Services Regulatory Board (WASREB), IMPACT Report Issue 17, 2025"
Nyandarua,"Medium (5,000-10,000 connections)",FY2023/24,total_score,61,points (max 200),utility,measured,wasreb_impact_17,17,FY2023/24,high,"Water Services Regulatory Board (WASREB), IMPACT Report Issue 17, 2025"
Narok,"Medium (5,000-10,000 connections)",FY2023/24,drinking_water_quality,79,%,utility,measured,wasreb_impact_17,17,FY2023/24,high,"Water Services Regulatory Board (WASREB), IMPACT Report Issue 17, 2025"
Narok,"Medium (5,000-10,000 connections)",FY2023/24,non_revenue_water,42,%,utility,measured,wasreb_impact_17,17,FY2023/24,high,"Water Services Regulatory Board (WASREB), IMPACT Report Issue 17, 2025"
Narok,"Medium (5,000-10,000 connections)",FY2023/24,water_coverage,59,%,utility,measured,wasreb_impact_17,17,FY2023/24,high,"Water Services Regulatory Board (WASREB), IMPACT Report Issue 17, 2025"
Narok,"Medium (5,000-10,000 connections)",FY2023/24,hours_of_supply,20,hrs/day,utility,measured,wasreb_impact_17,17,FY2023/24,high,"Water Services Regulatory Board (WASREB), IMPACT Report Issue 17, 2025"
Narok,"Medium (5,000-10,000 connections)",FY2023/24,staff_per_1000_connections,13,staff/1000 conns,utility,measured,wasreb_impact_17,17,FY2023/24,medium,"Water Services Regulatory Board (WASREB), IMPACT Report Issue 17, 2025"
Narok,"Medium (5,000-10,000 connections)",FY2023/24,revenue_collection_eff,96,%,utility,measured,wasreb_impact_17,17,FY2023/24,medium,"Water Services Regulatory Board (WASREB), IMPACT Report Issue 17, 2025"
Narok,"Medium (5,000-10,000 connections)",FY2023/24,personnel_exp_share,42,%,utility,measured,wasreb_impact_17,17,FY2023/24,medium,"Water Services Regulatory Board (WASREB), IMPACT Report Issue 17, 2025"
Narok,"Medium (5,000-10,000 connections)",FY2023/24,om_cost_coverage,88,%,utility,measured,wasreb_impact_17,17,FY2023/24,medium,"Water Services Regulatory Board (WASREB), IMPACT Report Issue 17, 2025"
Narok,"Medium (5,000-10,000 connections)",FY2023/24,metering_ratio,100,%,utility,measured,wasreb_impact_17,17,FY2023/24,high,"Water Services Regulatory Board (WASREB), IMPACT Report Issue 17, 2025"
Narok,"Medium (5,000-10,000 connections)",FY2023/24,total_score,55,points (max 200),utility,measured,wasreb_impact_17,17,FY2023/24,high,"Water Services Regulatory Board (WASREB), IMPACT Report Issue 17, 2025"
Chemususu,"Medium (5,000-10,000 connections)",FY2023/24,drinking_water_quality,70,%,utility,measured,wasreb_impact_17,17,FY2023/24,high,"Water Services Regulatory Board (WASREB), IMPACT Report Issue 17, 2025"
Chemususu,"Medium (5,000-10,000 connections)",FY2023/24,non_revenue_water,33,%,utility,measured,wasreb_impact_17,17,FY2023/24,high,"Water Services Regulatory Board (WASREB), IMPACT Report Issue 17, 2025"
Chemususu,"Medium (5,000-10,000 connections)",FY2023/24,water_coverage,78,%,utility,measured,wasreb_impact_17,17,FY2023/24,high,"Water Services Regulatory Board (WASREB), IMPACT Report Issue 17, 2025"
Chemususu,"Medium (5,000-10,000 connections)",FY2023/24,hours_of_supply,10,hrs/day,utility,measured,wasreb_impact_17,17,FY2023/24,high,"Water Services Regulatory Board (WASREB), IMPACT Report Issue 17, 2025"
Chemususu,"Medium (5,000-10,000 connections)",FY2023/24,staff_per_1000_connections,11,staff/1000 conns,utility,measured,wasreb_impact_17,17,FY2023/24,medium,"Water Services Regulatory Board (WASREB), IMPACT Report Issue 17, 2025"
Chemususu,"Medium (5,000-10,000 connections)",FY2023/24,revenue_collection_eff,81,%,utility,measured,wasreb_impact_17,17,FY2023/24,medium,"Water Services Regulatory Board (WASREB), IMPACT Report Issue 17, 2025"
Chemususu,"Medium (5,000-10,000 connections)",FY2023/24,personnel_exp_share,34,%,utility,measured,wasreb_impact_17,17,FY2023/24,medium,"Water Services Regulatory Board (WASREB), IMPACT Report Issue 17, 2025"
Chemususu,"Medium (5,000-10,000 connections)",FY2023/24,om_cost_coverage,89,%,utility,measured,wasreb_impact_17,17,FY2023/24,medium,"Water Services Regulatory Board (WASREB), IMPACT Report Issue 17, 2025"
Chemususu,"Medium (5,000-10,000 connections)",FY2023/24,metering_ratio,100,%,utility,measured,wasreb_impact_17,17,FY2023/24,high,"Water Services Regulatory Board (WASREB), IMPACT Report Issue 17, 2025"
Chemususu,"Medium (5,000-10,000 connections)",FY2023/24,total_score,47,points (max 200),utility,measured,wasreb_impact_17,17,FY2023/24,high,"Water Services Regulatory Board (WASREB), IMPACT Report Issue 17, 2025"
Migori,"Medium (5,000-10,000 connections)",FY2023/24,drinking_water_quality,50,%,utility,measured,wasreb_impact_17,17,FY2023/24,high,"Water Services Regulatory Board (WASREB), IMPACT Report Issue 17, 2025"
Migori,"Medium (5,000-10,000 connections)",FY2023/24,non_revenue_water,66,%,utility,measured,wasreb_impact_17,17,FY2023/24,high,"Water Services Regulatory Board (WASREB), IMPACT Report Issue 17, 2025"
Migori,"Medium (5,000-10,000 connections)",FY2023/24,water_coverage,22,%,utility,measured,wasreb_impact_17,17,FY2023/24,high,"Water Services Regulatory Board (WASREB), IMPACT Report Issue 17, 2025"
Migori,"Medium (5,000-10,000 connections)",FY2023/24,hours_of_supply,19,hrs/day,utility,measured,wasreb_impact_17,17,FY2023/24,high,"Water Services Regulatory Board (WASREB), IMPACT Report Issue 17, 2025"
Migori,"Medium (5,000-10,000 connections)",FY2023/24,staff_per_1000_connections,16,staff/1000 conns,utility,measured,wasreb_impact_17,17,FY2023/24,medium,"Water Services Regulatory Board (WASREB), IMPACT Report Issue 17, 2025"
Migori,"Medium (5,000-10,000 connections)",FY2023/24,revenue_collection_eff,96,%,utility,measured,wasreb_impact_17,17,FY2023/24,medium,"Water Services Regulatory Board (WASREB), IMPACT Report Issue 17, 2025"
Migori,"Medium (5,000-10,000 connections)",FY2023/24,personnel_exp_share,45,%,utility,measured,wasreb_impact_17,17,FY2023/24,medium,"Water Services Regulatory Board (WASREB), IMPACT Report Issue 17, 2025"
Migori,"Medium (5,000-10,000 connections)",FY2023/24,om_cost_coverage,107,%,utility,measured,wasreb_impact_17,17,FY2023/24,medium,"Water Services Regulatory Board (WASREB), IMPACT Report Issue 17, 2025"
Migori,"Medium (5,000-10,000 connections)",FY2023/24,metering_ratio,45,%,utility,measured,wasreb_impact_17,17,FY2023/24,high,"Water Services Regulatory Board (WASREB), IMPACT Report Issue 17, 2025"
Migori,"Medium (5,000-10,000 connections)",FY2023/24,total_score,45,points (max 200),utility,measured,wasreb_impact_17,17,FY2023/24,high,"Water Services Regulatory Board (WASREB), IMPACT Report Issue 17, 2025"
Nol Turesh,"Medium (5,000-10,000 connections)",FY2023/24,drinking_water_quality,93,%,utility,measured,wasreb_impact_17,17,FY2023/24,high,"Water Services Regulatory Board (WASREB), IMPACT Report Issue 17, 2025"
Nol Turesh,"Medium (5,000-10,000 connections)",FY2023/24,non_revenue_water,44,%,utility,measured,wasreb_impact_17,17,FY2023/24,high,"Water Services Regulatory Board (WASREB), IMPACT Report Issue 17, 2025"
Nol Turesh,"Medium (5,000-10,000 connections)",FY2023/24,water_coverage,26,%,utility,measured,wasreb_impact_17,17,FY2023/24,high,"Water Services Regulatory Board (WASREB), IMPACT Report Issue 17, 2025"
Nol Turesh,"Medium (5,000-10,000 connections)",FY2023/24,hours_of_supply,8,hrs/day,utility,measured,wasreb_impact_17,17,FY2023/24,high,"Water Services Regulatory Board (WASREB), IMPACT Report Issue 17, 2025"
Nol Turesh,"Medium (5,000-10,000 connections)",FY2023/24,staff_per_1000_connections,15,staff/1000 conns,utility,measured,wasreb_impact_17,17,FY2023/24,medium,"Water Services Regulatory Board (WASREB), IMPACT Report Issue 17, 2025"
Nol Turesh,"Medium (5,000-10,000 connections)",FY2023/24,revenue_collection_eff,75,%,utility,measured,wasreb_impact_17,17,FY2023/24,medium,"Water Services Regulatory Board (WASREB), IMPACT Report Issue 17, 2025"
Nol Turesh,"Medium (5,000-10,000 connections)",FY2023/24,personnel_exp_share,17,%,utility,measured,wasreb_impact_17,17,FY2023/24,medium,"Water Services Regulatory Board (WASREB), IMPACT Report Issue 17, 2025"
Nol Turesh,"Medium (5,000-10,000 connections)",FY2023/24,om_cost_coverage,33,%,utility,measured,wasreb_impact_17,17,FY2023/24,medium,"Water Services Regulatory Board (WASREB), IMPACT Report Issue 17, 2025"
Nol Turesh,"Medium (5,000-10,000 connections)",FY2023/24,metering_ratio,92,%,utility,measured,wasreb_impact_17,17,FY2023/24,high,"Water Services Regulatory Board (WASREB), IMPACT Report Issue 17, 2025"
Nol Turesh,"Medium (5,000-10,000 connections)",FY2023/24,total_score,27,points (max 200),utility,measured,wasreb_impact_17,17,FY2023/24,high,"Water Services Regulatory Board (WASREB), IMPACT Report Issue 17, 2025"
Tuuru,"Medium (5,000-10,000 connections)",FY2023/24,drinking_water_quality,84,%,utility,measured,wasreb_impact_17,17,FY2023/24,high,"Water Services Regulatory Board (WASREB), IMPACT Report Issue 17, 2025"
Tuuru,"Medium (5,000-10,000 connections)",FY2023/24,non_revenue_water,68,%,utility,measured,wasreb_impact_17,17,FY2023/24,high,"Water Services Regulatory Board (WASREB), IMPACT Report Issue 17, 2025"
Tuuru,"Medium (5,000-10,000 connections)",FY2023/24,water_coverage,13,%,utility,measured,wasreb_impact_17,17,FY2023/24,high,"Water Services Regulatory Board (WASREB), IMPACT Report Issue 17, 2025"
Tuuru,"Medium (5,000-10,000 connections)",FY2023/24,hours_of_supply,14,hrs/day,utility,measured,wasreb_impact_17,17,FY2023/24,high,"Water Services Regulatory Board (WASREB), IMPACT Report Issue 17, 2025"
Tuuru,"Medium (5,000-10,000 connections)",FY2023/24,staff_per_1000_connections,9,staff/1000 conns,utility,measured,wasreb_impact_17,17,FY2023/24,medium,"Water Services Regulatory Board (WASREB), IMPACT Report Issue 17, 2025"
Tuuru,"Medium (5,000-10,000 connections)",FY2023/24,revenue_collection_eff,79,%,utility,measured,wasreb_impact_17,17,FY2023/24,medium,"Water Services Regulatory Board (WASREB), IMPACT Report Issue 17, 2025"
Tuuru,"Medium (5,000-10,000 connections)",FY2023/24,personnel_exp_share,58,%,utility,measured,wasreb_impact_17,17,FY2023/24,medium,"Water Services Regulatory Board (WASREB), IMPACT Report Issue 17, 2025"
Tuuru,"Medium (5,000-10,000 connections)",FY2023/24,om_cost_coverage,75,%,utility,measured,wasreb_impact_17,17,FY2023/24,medium,"Water Services Regulatory Board (WASREB), IMPACT Report Issue 17, 2025"
Tuuru,"Medium (5,000-10,000 connections)",FY2023/24,metering_ratio,84,%,utility,measured,wasreb_impact_17,17,FY2023/24,high,"Water Services Regulatory Board (WASREB), IMPACT Report Issue 17, 2025"
Tuuru,"Medium (5,000-10,000 connections)",FY2023/24,total_score,14,points (max 200),utility,measured,wasreb_impact_17,17,FY2023/24,high,"Water Services Regulatory Board (WASREB), IMPACT Report Issue 17, 2025"
Samburu,"Medium (5,000-10,000 connections)",FY2023/24,drinking_water_quality,0,%,utility,measured,wasreb_impact_17,17,FY2023/24,high,"Water Services Regulatory Board (WASREB), IMPACT Report Issue 17, 2025"
Samburu,"Medium (5,000-10,000 connections)",FY2023/24,non_revenue_water,64,%,utility,measured,wasreb_impact_17,17,FY2023/24,high,"Water Services Regulatory Board (WASREB), IMPACT Report Issue 17, 2025"
Samburu,"Medium (5,000-10,000 connections)",FY2023/24,water_coverage,5,%,utility,measured,wasreb_impact_17,17,FY2023/24,high,"Water Services Regulatory Board (WASREB), IMPACT Report Issue 17, 2025"
Samburu,"Medium (5,000-10,000 connections)",FY2023/24,hours_of_supply,6,hrs/day,utility,measured,wasreb_impact_17,17,FY2023/24,high,"Water Services Regulatory Board (WASREB), IMPACT Report Issue 17, 2025"
Samburu,"Medium (5,000-10,000 connections)",FY2023/24,staff_per_1000_connections,40,staff/1000 conns,utility,measured,wasreb_impact_17,17,FY2023/24,medium,"Water Services Regulatory Board (WASREB), IMPACT Report Issue 17, 2025"
Samburu,"Medium (5,000-10,000 connections)",FY2023/24,revenue_collection_eff,71,%,utility,measured,wasreb_impact_17,17,FY2023/24,medium,"Water Services Regulatory Board (WASREB), IMPACT Report Issue 17, 2025"
Samburu,"Medium (5,000-10,000 connections)",FY2023/24,personnel_exp_share,76,%,utility,measured,wasreb_impact_17,17,FY2023/24,medium,"Water Services Regulatory Board (WASREB), IMPACT Report Issue 17, 2025"
Samburu,"Medium (5,000-10,000 connections)",FY2023/24,om_cost_coverage,124,%,utility,measured,wasreb_impact_17,17,FY2023/24,medium,"Water Services Regulatory Board (WASREB), IMPACT Report Issue 17, 2025"
Samburu,"Medium (5,000-10,000 connections)",FY2023/24,metering_ratio,0,%,utility,measured,wasreb_impact_17,17,FY2023/24,high,"Water Services Regulatory Board (WASREB), IMPACT Report Issue 17, 2025"
Samburu,"Medium (5,000-10,000 connections)",FY2023/24,total_score,9,points (max 200),utility,measured,wasreb_impact_17,17,FY2023/24,high,"Water Services Regulatory Board (WASREB), IMPACT Report Issue 17, 2025"
Tana,"Medium (5,000-10,000 connections)",FY2023/24,drinking_water_quality,83,%,utility,measured,wasreb_impact_17,17,FY2023/24,high,"Water Services Regulatory Board (WASREB), IMPACT Report Issue 17, 2025"
Tana,"Medium (5,000-10,000 connections)",FY2023/24,non_revenue_water,40,%,utility,measured,wasreb_impact_17,17,FY2023/24,high,"Water Services Regulatory Board (WASREB), IMPACT Report Issue 17, 2025"
Tana,"Medium (5,000-10,000 connections)",FY2023/24,water_coverage,23,%,utility,measured,wasreb_impact_17,17,FY2023/24,high,"Water Services Regulatory Board (WASREB), IMPACT Report Issue 17, 2025"
Tana,"Medium (5,000-10,000 connections)",FY2023/24,hours_of_supply,9,hrs/day,utility,measured,wasreb_impact_17,17,FY2023/24,high,"Water Services Regulatory Board (WASREB), IMPACT Report Issue 17, 2025"
Tana,"Medium (5,000-10,000 connections)",FY2023/24,staff_per_1000_connections,16,staff/1000 conns,utility,measured,wasreb_impact_17,17,FY2023/24,medium,"Water Services Regulatory Board (WASREB), IMPACT Report Issue 17, 2025"
Tana,"Medium (5,000-10,000 connections)",FY2023/24,revenue_collection_eff,40,%,utility,measured,wasreb_impact_17,17,FY2023/24,medium,"Water Services Regulatory Board (WASREB), IMPACT Report Issue 17, 2025"
Tana,"Medium (5,000-10,000 connections)",FY2023/24,personnel_exp_share,50,%,utility,measured,wasreb_impact_17,17,FY2023/24,medium,"Water Services Regulatory Board (WASREB), IMPACT Report Issue 17, 2025"
Tana,"Medium (5,000-10,000 connections)",FY2023/24,om_cost_coverage,37,%,utility,measured,wasreb_impact_17,17,FY2023/24,medium,"Water Services Regulatory Board (WASREB), IMPACT Report Issue 17, 2025"
Tana,"Medium (5,000-10,000 connections)",FY2023/24,metering_ratio,85,%,utility,measured,wasreb_impact_17,17,FY2023/24,high,"Water Services Regulatory Board (WASREB), IMPACT Report Issue 17, 2025"
Tana,"Medium (5,000-10,000 connections)",FY2023/24,total_score,8,points (max 200),utility,measured,wasreb_impact_17,17,FY2023/24,high,"Water Services Regulatory Board (WASREB), IMPACT Report Issue 17, 2025"
